t,Equal Weight,Max Sharpe,Min Volatility,Risk Parity
2023-03-13 04:00:00,1.0,1.0,1.0,1.0
2023-03-14 04:00:00,1.0127066019374023,1.0084655803343883,0.9988957840980167,1.007472318989886
2023-03-15 04:00:00,1.008553414741959,1.0116167885269414,0.996187419218136,1.0027426234432213
2023-03-16 04:00:00,1.0258172055760932,1.0271273921135875,0.9990374000375433,1.014070340268802
2023-03-17 04:00:00,1.0224580894574629,1.0331599809705654,1.0079718977530752,1.0146925466058552
2023-03-20 04:00:00,1.023808230220509,1.0370185033767565,1.0132602892995657,1.0185721936938974
2023-03-21 04:00:00,1.037072422196799,1.0399005322864203,1.017879414223503,1.0295775848959594
2023-03-22 04:00:00,1.0274597013087434,1.0388245182057092,1.0188551042719387,1.0232284159221536
2023-03-23 04:00:00,1.032245324143561,1.0466236323673017,1.0223430471330415,1.027098918789544
2023-03-24 04:00:00,1.0326339242610734,1.0423230364970324,1.0226296543087328,1.0280545790392739
2023-03-27 04:00:00,1.030337589621122,1.0357060957627695,1.0152604281763156,1.0243064716430934
2023-03-28 04:00:00,1.030361090301057,1.0366863276454104,1.0197840568064664,1.026161778395654
2023-03-29 04:00:00,1.0437422625047097,1.0469472905610693,1.0266681581371762,1.0375448424617326
2023-03-30 04:00:00,1.052135391720312,1.0574035663544645,1.0342178335248584,1.0455111460211075
2023-03-31 04:00:00,1.0636153209845292,1.0638374104122117,1.0409545318113693,1.0552949191920111
2023-04-03 04:00:00,1.071186701871727,1.0682025085278644,1.058677466008299,1.0682832767333459
2023-04-04 04:00:00,1.0715187549023164,1.0773262851768437,1.062454802537102,1.069180410657647
2023-04-05 04:00:00,1.066820781002569,1.0675440057362764,1.066399601450053,1.0684763859262765
2023-04-06 04:00:00,1.0700126039283264,1.0676923414612647,1.063106291033368,1.068812514526863
2023-04-07 04:00:00,1.0700126039283264,1.0676923414612647,1.063106291033368,1.068812514526863
2023-04-10 04:00:00,1.0643995196734537,1.059112790361826,1.0517717192941536,1.0609916479782542
2023-04-11 04:00:00,1.0599785206166608,1.055877153486794,1.053367755872778,1.0591594208939574
2023-04-12 04:00:00,1.0561639325454557,1.0530114619172553,1.053493631039608,1.0568692734215357
2023-04-13 04:00:00,1.0734556114585632,1.0791577570819713,1.0643690305744224,1.0714972708359842
2023-04-14 04:00:00,1.0771915511682302,1.0759215925519463,1.0561871475429199,1.0701511762641511
2023-04-17 04:00:00,1.076704662237986,1.0749354458380023,1.0492922745768416,1.0669817388650316
2023-04-18 04:00:00,1.0817123151015455,1.079513683326802,1.0575832943448848,1.0736215136876608
2023-04-19 04:00:00,1.0835421572799013,1.083128841740268,1.0566203005527879,1.074240998167052
2023-04-20 04:00:00,1.079858335188551,1.081783659252014,1.0564882486965153,1.0715694915837877
2023-04-21 04:00:00,1.0806762098770515,1.0790712572829804,1.0507394899014557,1.0697680960330551
2023-04-24 04:00:00,1.0823015749500884,1.079930246917443,1.0585874928134604,1.074300275608525
2023-04-25 04:00:00,1.0680730850732274,1.0708309921537382,1.057556660876928,1.0649867258917831
2023-04-26 04:00:00,1.0739129545849269,1.0710590700364548,1.0537401043780945,1.0666541041484696
2023-04-27 04:00:00,1.0940851685117616,1.090441685395011,1.061279401506373,1.0821065372219179
2023-04-28 04:00:00,1.0974378525143769,1.0863275366604621,1.0707622915646045,1.0886263974061514
2023-05-01 04:00:00,1.0870231469779088,1.0798650634521492,1.052962778740344,1.0749540273281313
2023-05-02 04:00:00,1.083786386946658,1.0879372272466343,1.0541339490781747,1.071695865763195
2023-05-03 04:00:00,1.0777065720491863,1.0879152051933292,1.0520604818321724,1.0665952162262324
2023-05-04 04:00:00,1.072052280505925,1.0872458048279,1.0455970633348497,1.0600421418981794
2023-05-05 04:00:00,1.0892193704730972,1.100690822811511,1.0561464429731728,1.0758017322531066
2023-05-08 04:00:00,1.0881537765977385,1.1016165908726725,1.0533222996803222,1.0741810188201015
2023-05-09 04:00:00,1.0857446164007047,1.1022706801661128,1.0521311957696118,1.071957091654616
2023-05-10 04:00:00,1.094619848433608,1.1116453517580436,1.0543237175375693,1.077636657965177
2023-05-11 04:00:00,1.0940028686022558,1.1112284458847153,1.0503547179298292,1.0752255179816397
2023-05-12 04:00:00,1.086943033569627,1.1034360994809274,1.045942959359008,1.0695917987543955
2023-05-15 04:00:00,1.0882368277758752,1.1056807524863788,1.0417987210364343,1.0684864457911645
2023-05-16 04:00:00,1.0856009428716271,1.1031358867631342,1.0322763517248523,1.0625684224046472
2023-05-17 04:00:00,1.0977483465790487,1.1089354362378103,1.0364520338558638,1.0718470699873404
2023-05-18 04:00:00,1.1073339999209988,1.1131966506186008,1.0363849913375405,1.078048166375407
2023-05-19 04:00:00,1.1053081524443624,1.1144263945136612,1.0385682774587672,1.0778272329140626
2023-05-22 04:00:00,1.1017202604960394,1.1084806499470006,1.033467212414278,1.0736093597140883
2023-05-23 04:00:00,1.0951450584666218,1.1025621874866047,1.033343010290401,1.06963246338178
2023-05-24 04:00:00,1.0939244230567615,1.101792904463945,1.0323787051977813,1.068739365308588
2023-05-25 04:00:00,1.0985062301859916,1.096992123942553,1.0281393779002947,1.069918083367072
2023-05-26 04:00:00,1.115477669768982,1.1136197232606186,1.0339889881074216,1.0819314991866726
2023-05-29 04:00:00,1.115477669768982,1.1136197232606186,1.0339889881074216,1.0819314991866726
2023-05-30 04:00:00,1.1198445205577143,1.12338843110017,1.0384840088100127,1.0858743799541506
2023-05-31 04:00:00,1.1135894453644781,1.1210714937206931,1.0367901019465604,1.0811036885028085
2023-06-01 04:00:00,1.1262701563222373,1.135337982254722,1.0459357596299357,1.0923730310653774
2023-06-02 04:00:00,1.1345411174520177,1.1339945657162847,1.0454549460067248,1.0979837089100806
2023-06-05 04:00:00,1.1333958870440854,1.134871956331393,1.0441005777598669,1.0964540794129791
2023-06-06 04:00:00,1.1360102699949532,1.1368454740538003,1.0471843426725649,1.0993016012094692
2023-06-07 04:00:00,1.1238601683004341,1.1204888956098633,1.0421502477578366,1.0912708480955329
2023-06-08 04:00:00,1.134548319673239,1.137278612931521,1.0517008299962036,1.1010182612376531
2023-06-09 04:00:00,1.1340494396558207,1.1356652342178304,1.0494152843195845,1.099774414149137
2023-06-12 04:00:00,1.1435063728185297,1.14605549720937,1.0517300415780937,1.106104891653005
2023-06-13 04:00:00,1.1448461905149931,1.1422586765657683,1.046772116131368,1.1051369664289799
2023-06-14 04:00:00,1.146296330805814,1.1431591186488312,1.047301485011996,1.10594336770185
2023-06-15 04:00:00,1.1600338032663138,1.152833556637007,1.0573012202207697,1.118187222396442
2023-06-16 04:00:00,1.1522423628822105,1.1473789963050232,1.0520917249931605,1.1113070705679564
2023-06-19 04:00:00,1.1522423628822105,1.1473789963050232,1.0520917249931605,1.1113070705679564
2023-06-20 04:00:00,1.1459419886101168,1.142611893062661,1.045090887459714,1.1043039164698008
2023-06-21 04:00:00,1.1414263082692029,1.13812316884436,1.0461022678355945,1.1022871049261929
2023-06-22 04:00:00,1.1474097326283954,1.1464738987054452,1.0431015009451352,1.1046927162292721
2023-06-23 04:00:00,1.1421124897154276,1.1453821034380092,1.0435307786919688,1.1013794914430852
2023-06-26 04:00:00,1.1373459935911234,1.1403277726392476,1.0460768582304505,1.1000228537107493
2023-06-27 04:00:00,1.1464717827422117,1.1468674426282996,1.0486948229205193,1.10681912037299
2023-06-28 04:00:00,1.1486821915579,1.1476691734358135,1.0526550393589067,1.1100522834806472
2023-06-29 04:00:00,1.1513095221114285,1.1489486664616122,1.0507130118826977,1.111088390143371
2023-06-30 04:00:00,1.1672266252366692,1.1662314210709503,1.0627822681490469,1.1253554689989185
2023-07-03 04:00:00,1.1659204858296732,1.1642774528781257,1.0593032690663116,1.1231462919859985
2023-07-04 04:00:00,1.1659204858296732,1.1642774528781257,1.0593032690663116,1.1231462919859985
2023-07-05 04:00:00,1.161086268788988,1.159380972355074,1.053242283601307,1.1178929826703892
2023-07-06 04:00:00,1.1502932801393975,1.1549494389844872,1.0407213524939403,1.105763598530131
2023-07-07 04:00:00,1.1501645094438215,1.159269698533519,1.0401109345959008,1.1050956554988904
2023-07-10 04:00:00,1.147296277586118,1.1520299385333337,1.0410886991200683,1.1043070896552265
2023-07-11 04:00:00,1.1549838389195026,1.1566802919820036,1.0458699316063491,1.1107672801400297
2023-07-12 04:00:00,1.167044922565864,1.170341806360398,1.0564726536704039,1.121958100949402
2023-07-13 04:00:00,1.1760932414749485,1.1779470878544471,1.0567732338333675,1.1266894327955248
2023-07-14 04:00:00,1.1727155297895806,1.1777037813478608,1.046803924972208,1.1197758142291936
2023-07-17 04:00:00,1.1796022699951814,1.184962933442346,1.0518070567464115,1.1259784907550265
2023-07-18 04:00:00,1.1878076954399084,1.1893637253908937,1.0569479232867527,1.1326267105969585
2023-07-19 04:00:00,1.1926683990733609,1.1963259422650354,1.0625424249197026,1.1377457496661627
2023-07-20 04:00:00,1.180455013509142,1.1827291807817535,1.0583845741434201,1.1295980344187155
2023-07-21 04:00:00,1.1772626051103001,1.1781732220828756,1.0568836314927532,1.1273475716697763
2023-07-24 04:00:00,1.181579518770265,1.1775125019664827,1.0592338957782512,1.1313258522688323
2023-07-25 04:00:00,1.1856197323178168,1.1818943265403474,1.0624620036818764,1.1350762531736887
2023-07-26 04:00:00,1.1806785791064587,1.185193617641684,1.0622093226523595,1.131987516380975
2023-07-27 04:00:00,1.1703080594964077,1.173704955553247,1.0505872298659635,1.1216381970511837
2023-07-28 04:00:00,1.183570846788598,1.1894256934497385,1.0554189019945472,1.130805795631315
2023-07-31 04:00:00,1.1901591831346758,1.194862237585271,1.0640013756516131,1.138709169256733
2023-08-01 04:00:00,1.1817893114208164,1.1844057600177713,1.0534536811272965,1.1297816968919407
2023-08-02 04:00:00,1.1629593558816056,1.1697043504345195,1.0418263700427877,1.11388546697931
2023-08-03 04:00:00,1.1618402846279074,1.1682972416730837,1.03796299067966,1.111967946028748
2023-08-04 04:00:00,1.1682428667277545,1.1677728952917208,1.0344637899269242,1.112751401461588
2023-08-07 04:00:00,1.1706753750717076,1.164764339616861,1.027594958540306,1.1111667558425102
2023-08-08 04:00:00,1.1663527439837995,1.1595129966166482,1.0304543210912886,1.1102311449379876
2023-08-09 04:00:00,1.1599727955305612,1.1496005016487691,1.0322186235850086,1.107857329945143
2023-08-10 04:00:00,1.1593286376153678,1.1495755580963332,1.0286004124723354,1.1061985937259156
2023-08-11 04:00:00,1.159981128551159,1.1494728375206968,1.0313099388191316,1.1080555454258931
2023-08-14 04:00:00,1.1662716963011632,1.1547274150397726,1.0322546055872113,1.112183281792909
2023-08-15 04:00:00,1.1492868688484013,1.1428565974952747,1.0191752151447644,1.096278163809688
2023-08-16 04:00:00,1.1387737943383396,1.133937175625558,1.0103406851709613,1.086305793498942
2023-08-17 04:00:00,1.1327570240434963,1.1255474591168877,1.0100829132585862,1.0831714941650104
2023-08-18 04:00:00,1.1348480389006321,1.1256439352833667,1.0151197945526464,1.0869015418627004
2023-08-21 04:00:00,1.139618759353234,1.132180826457362,1.0117135748585917,1.0880002716934356
2023-08-22 04:00:00,1.1376357184652157,1.133437336830652,1.0143790111513526,1.0879816399840647
2023-08-23 04:00:00,1.150691056648073,1.148712929357996,1.0263584388178921,1.1001770235078048
2023-08-24 04:00:00,1.134634091066512,1.1334905325796478,1.016754810770503,1.086548702485892
2023-08-25 04:00:00,1.1430147876624268,1.139345049194043,1.0242125460621405,1.0950965028066397
2023-08-28 04:00:00,1.1480445260485868,1.1440329052153342,1.0291260630940013,1.10039103378963
2023-08-29 04:00:00,1.1632810781333875,1.1601185884520981,1.0409820805919352,1.11429744843604
2023-08-30 04:00:00,1.1682312057160507,1.168349909536877,1.047674776075778,1.120437492650618
2023-08-31 04:00:00,1.1702819965159634,1.171400319097317,1.0491524146327809,1.1221923506464855
2023-09-01 04:00:00,1.17276488660031,1.175345728534938,1.0510504724935832,1.1251226546864943
2023-09-04 04:00:00,1.17276488660031,1.175345728534938,1.0510504724935832,1.1251226546864943
2023-09-05 04:00:00,1.1693930128994445,1.1695640549375657,1.0458567545976303,1.1213241179242828
2023-09-06 04:00:00,1.1612677007489933,1.1505171134729963,1.03953685318704,1.1139593494296325
2023-09-07 04:00:00,1.1561453407323852,1.142970633496755,1.0330269713794489,1.107725308221635
2023-09-08 04:00:00,1.161601326927394,1.1450170313623744,1.0388614379158427,1.1136460697621797
2023-09-11 04:00:00,1.1690062044898164,1.1557217203641148,1.036264799953732,1.1163338235254425
2023-09-12 04:00:00,1.1661572637028441,1.1452752386507807,1.039004447020793,1.1163820921708203
2023-09-13 04:00:00,1.1689732330087006,1.1450963190437413,1.0343046304725485,1.1155045855356653
2023-09-14 04:00:00,1.1772275475445442,1.1499254424068683,1.0389481560692237,1.122781880000948
2023-09-15 04:00:00,1.16259659939396,1.145229988253731,1.033536076349913,1.1115465707768561
2023-09-18 04:00:00,1.1666686018441785,1.1538168844403398,1.0418582943874144,1.1175839327661274
2023-09-19 04:00:00,1.1629331776985148,1.1521025028977,1.0401801322049988,1.1149127830200152
2023-09-20 04:00:00,1.1509523830547903,1.141414406846284,1.0342275169787867,1.105135960611676
2023-09-21 04:00:00,1.1322704749101913,1.1253421592568238,1.020082834142832,1.0884442313057205
2023-09-22 04:00:00,1.13175673007751,1.1275858221801531,1.024067137254176,1.0898491460013073
2023-09-25 04:00:00,1.134449413484519,1.1311535649133515,1.0204753709241425,1.0904101152403494
2023-09-26 04:00:00,1.118197220584335,1.1102636413200933,1.0123537207341515,1.0778332761454008
2023-09-27 04:00:00,1.120724695079694,1.101514170374088,1.0138014981830878,1.0808842804878407
2023-09-28 04:00:00,1.123466316268006,1.1006496278848235,1.0120174071980048,1.0816582961007095
2023-09-29 04:00:00,1.1197602966632658,1.0968876620560026,1.0060549711083338,1.076873975711448
2023-10-02 04:00:00,1.1200432439182788,1.099687591139859,0.997752329558415,1.0734704854925865
2023-10-03 04:00:00,1.1038957446618531,1.0881264195660683,0.9895293929894573,1.061033546329992
2023-10-04 04:00:00,1.1087769486190664,1.094295319445383,0.9859481737370948,1.0613095403023585
2023-10-05 04:00:00,1.1042743767532,1.0942299296161784,0.9804489420653476,1.056084509076815
2023-10-06 04:00:00,1.113656934885872,1.106087795362074,0.9790689052044794,1.0605577614704085
2023-10-09 04:00:00,1.1264507037910443,1.1181400596813433,0.9995696872575638,1.0770357495896146
2023-10-10 04:00:00,1.1278269646587098,1.1183604897717256,0.996921628741996,1.0766221229266604
2023-10-11 04:00:00,1.1331933068820508,1.128442720560359,0.9978750003249786,1.0789085561034943
2023-10-12 04:00:00,1.1286449638550655,1.1293431741773703,0.9911039294239068,1.0735741027982864
2023-10-13 04:00:00,1.1333979751857397,1.138750309048444,1.0090625091494858,1.0836464461234445
2023-10-16 04:00:00,1.138022630599065,1.1399295735604627,1.0043565630006501,1.0846090414016807
2023-10-17 04:00:00,1.1356260615800633,1.1359046810676179,1.0034076279719,1.0832091085178115
2023-10-18 04:00:00,1.1286989584432825,1.1347180289250702,1.0070476451111168,1.080809523484619
2023-10-19 04:00:00,1.12571604475911,1.1401921610621066,1.005697033441198,1.0781961061959993
2023-10-20 04:00:00,1.112327457434594,1.130323385885327,1.000281602499412,1.0677016189564024
2023-10-23 04:00:00,1.112187471396473,1.1297091748453647,0.999146583442647,1.0667758465775263
2023-10-24 04:00:00,1.1173525083665596,1.1335273228766252,1.0006586805077236,1.0701154003387983
2023-10-25 04:00:00,1.105770259860479,1.120143078769084,0.9957076645357512,1.0615112842488
2023-10-26 04:00:00,1.0934236639089931,1.1099314498669015,0.9913201374380952,1.0519102850958733
2023-10-27 04:00:00,1.0969899766518671,1.1274815185396403,0.9912553052864683,1.0529966968889997
2023-10-30 04:00:00,1.109490191330955,1.136917221910517,0.9924634977747826,1.0607836248583065
2023-10-31 04:00:00,1.1119669618041323,1.1365592538002405,0.9902489671368953,1.0614479442250833
2023-11-01 04:00:00,1.1257887325853566,1.1475930147241196,0.9982560078195858,1.0727352953159113
2023-11-02 04:00:00,1.1444146187833224,1.1600814475003614,1.016742515779441,1.0920872332085518
2023-11-03 04:00:00,1.1497159679772633,1.1615479238627837,1.016261982277573,1.0945335030266048
2023-11-06 04:00:00,1.1497159679772633,1.1615479238627837,1.016261982277573,1.0945335030266048
2023-11-07 04:00:00,1.1497159679772633,1.1615479238627837,1.016261982277573,1.0945335030266048
2023-11-08 04:00:00,1.1497159679772633,1.1615479238627837,1.016261982277573,1.0945335030266048
2023-11-09 04:00:00,1.1497159679772633,1.1615479238627837,1.016261982277573,1.0945335030266048
2023-11-10 04:00:00,1.1497159679772633,1.1615479238627837,1.016261982277573,1.0945335030266048
2023-11-13 04:00:00,1.1497159679772633,1.1615479238627837,1.016261982277573,1.0945335030266048
2023-11-14 04:00:00,1.1497159679772633,1.1615479238627837,1.016261982277573,1.0945335030266048
2023-11-15 04:00:00,1.1497159679772633,1.1615479238627837,1.016261982277573,1.0945335030266048
2023-11-16 04:00:00,1.1497159679772633,1.1615479238627837,1.016261982277573,1.0945335030266048
2023-11-17 04:00:00,1.1497159679772633,1.1615479238627837,1.016261982277573,1.0945335030266048
2023-11-20 04:00:00,1.1497159679772633,1.1615479238627837,1.016261982277573,1.0945335030266048
2023-11-21 04:00:00,1.1497159679772633,1.1615479238627837,1.016261982277573,1.0945335030266048
2023-11-22 04:00:00,1.1497159679772633,1.1615479238627837,1.016261982277573,1.0945335030266048
2023-11-23 04:00:00,1.1497159679772633,1.1615479238627837,1.016261982277573,1.0945335030266048
2023-11-24 04:00:00,1.1497159679772633,1.1615479238627837,1.016261982277573,1.0945335030266048
2023-11-27 04:00:00,1.1497159679772633,1.1615479238627837,1.016261982277573,1.0945335030266048
2023-11-28 04:00:00,1.1497159679772633,1.1615479238627837,1.016261982277573,1.0945335030266048
2023-11-29 04:00:00,1.1497159679772633,1.1615479238627837,1.016261982277573,1.0945335030266048
2023-11-30 04:00:00,1.1497159679772633,1.1615479238627837,1.016261982277573,1.0945335030266048
2023-12-01 04:00:00,1.1497159679772633,1.1615479238627837,1.016261982277573,1.0945335030266048
2023-12-04 04:00:00,1.1497159679772633,1.1615479238627837,1.016261982277573,1.0945335030266048
2023-12-05 04:00:00,1.1497159679772633,1.1615479238627837,1.016261982277573,1.0945335030266048
2023-12-06 04:00:00,1.1497159679772633,1.1615479238627837,1.016261982277573,1.0945335030266048
2023-12-07 04:00:00,1.1497159679772633,1.1615479238627837,1.016261982277573,1.0945335030266048
2023-12-08 04:00:00,1.1497159679772633,1.1615479238627837,1.016261982277573,1.0945335030266048
2023-12-11 04:00:00,1.1497159679772633,1.1615479238627837,1.016261982277573,1.0945335030266048
2023-12-12 04:00:00,1.1497159679772633,1.1615479238627837,1.016261982277573,1.0945335030266048
2023-12-13 04:00:00,1.1497159679772633,1.1615479238627837,1.016261982277573,1.0945335030266048
2023-12-14 04:00:00,1.1497159679772633,1.1615479238627837,1.016261982277573,1.0945335030266048
2023-12-15 04:00:00,1.1497159679772633,1.1615479238627837,1.016261982277573,1.0945335030266048
2023-12-18 04:00:00,1.1497159679772633,1.1615479238627837,1.016261982277573,1.0945335030266048
2023-12-19 04:00:00,1.1497159679772633,1.1615479238627837,1.016261982277573,1.0945335030266048
2023-12-20 04:00:00,1.1497159679772633,1.1615479238627837,1.016261982277573,1.0945335030266048
2023-12-21 04:00:00,1.1497159679772633,1.1615479238627837,1.016261982277573,1.0945335030266048
2023-12-22 04:00:00,1.1497159679772633,1.1615479238627837,1.016261982277573,1.0945335030266048
2023-12-25 04:00:00,1.1497159679772633,1.1615479238627837,1.016261982277573,1.0945335030266048
2023-12-26 04:00:00,1.1497159679772633,1.1615479238627837,1.016261982277573,1.0945335030266048
2023-12-27 04:00:00,1.1497159679772633,1.1615479238627837,1.016261982277573,1.0945335030266048
2023-12-28 04:00:00,1.1497159679772633,1.1615479238627837,1.016261982277573,1.0945335030266048
2023-12-29 04:00:00,1.1497159679772633,1.1615479238627837,1.016261982277573,1.0945335030266048
2024-01-01 04:00:00,1.1497159679772633,1.1615479238627837,1.016261982277573,1.0945335030266048
2024-01-02 04:00:00,1.1497159679772633,1.1615479238627837,1.016261982277573,1.0945335030266048
2024-01-03 04:00:00,1.1497159679772633,1.1615479238627837,1.016261982277573,1.0945335030266048
2024-01-04 04:00:00,1.1497159679772633,1.1615479238627837,1.016261982277573,1.0945335030266048
2024-01-05 04:00:00,1.1497159679772633,1.1615479238627837,1.016261982277573,1.0945335030266048
2024-01-08 04:00:00,1.1497159679772633,1.1615479238627837,1.016261982277573,1.0945335030266048
2024-01-09 04:00:00,1.1497159679772633,1.1615479238627837,1.016261982277573,1.0945335030266048
2024-01-10 04:00:00,1.1497159679772633,1.1615479238627837,1.016261982277573,1.0945335030266048
2024-01-11 04:00:00,1.1497159679772633,1.1615479238627837,1.016261982277573,1.0945335030266048
2024-01-12 04:00:00,1.1497159679772633,1.1615479238627837,1.016261982277573,1.0945335030266048
2024-01-15 04:00:00,1.1497159679772633,1.1615479238627837,1.016261982277573,1.0945335030266048
2024-01-16 04:00:00,1.1497159679772633,1.1615479238627837,1.016261982277573,1.0945335030266048
2024-01-17 04:00:00,1.1497159679772633,1.1615479238627837,1.016261982277573,1.0945335030266048
2024-01-18 04:00:00,1.1497159679772633,1.1615479238627837,1.016261982277573,1.0945335030266048
2024-01-19 04:00:00,1.1497159679772633,1.1615479238627837,1.016261982277573,1.0945335030266048
2024-01-22 04:00:00,1.1497159679772633,1.1615479238627837,1.016261982277573,1.0945335030266048
2024-01-23 04:00:00,1.1497159679772633,1.1615479238627837,1.016261982277573,1.0945335030266048
2024-01-24 04:00:00,1.1497159679772633,1.1615479238627837,1.016261982277573,1.0945335030266048
2024-01-25 04:00:00,1.1497159679772633,1.1615479238627837,1.016261982277573,1.0945335030266048
2024-01-26 04:00:00,1.1497159679772633,1.1615479238627837,1.016261982277573,1.0945335030266048
2024-01-29 04:00:00,1.1497159679772633,1.1615479238627837,1.016261982277573,1.0945335030266048
2024-01-30 04:00:00,1.1497159679772633,1.1615479238627837,1.016261982277573,1.0945335030266048
2024-01-31 04:00:00,1.1497159679772633,1.1615479238627837,1.016261982277573,1.0945335030266048
2024-02-01 04:00:00,1.1497159679772633,1.1615479238627837,1.0162619822775725,1.0945335030266048
2024-02-02 04:00:00,1.1497159679772633,1.1615479238627837,1.0162619822775725,1.0945335030266048
2024-02-05 04:00:00,1.1497159679772633,1.1615479238627837,1.0162619822775725,1.0945335030266048
2024-02-06 04:00:00,1.1497159679772633,1.1615479238627837,1.0162619822775725,1.0945335030266048
2024-02-07 04:00:00,1.1497159679772633,1.1615479238627837,1.0162619822775725,1.0945335030266048
2024-02-08 04:00:00,1.1497159679772633,1.1615479238627837,1.0162619822775725,1.0945335030266048
2024-02-09 04:00:00,1.1497159679772633,1.1615479238627837,1.0162619822775725,1.0945335030266048
2024-02-12 04:00:00,1.1497159679772633,1.1615479238627837,1.0162619822775725,1.0945335030266048
2024-02-13 04:00:00,1.1497159679772633,1.1615479238627837,1.0162619822775725,1.0945335030266048
2024-02-14 04:00:00,1.1497159679772633,1.1615479238627837,1.0162619822775725,1.0945335030266048
2024-02-15 04:00:00,1.1497159679772633,1.1615479238627837,1.0162619822775725,1.0945335030266048
2024-02-16 04:00:00,1.1497159679772633,1.1615479238627837,1.0162619822775725,1.0945335030266048
2024-02-19 04:00:00,1.1497159679772633,1.1615479238627837,1.0162619822775725,1.0945335030266048
2024-02-20 04:00:00,1.1497159679772633,1.1615479238627837,1.0162619822775725,1.0945335030266048
2024-02-21 04:00:00,1.1497159679772633,1.1615479238627837,1.0162619822775725,1.0945335030266048
2024-02-22 04:00:00,1.1497159679772633,1.1615479238627837,1.0162619822775725,1.0945335030266048
2024-02-23 04:00:00,1.1497159679772633,1.1615479238627837,1.0162619822775725,1.0945335030266048
2024-02-26 04:00:00,1.1497159679772633,1.1615479238627837,1.0162619822775725,1.0945335030266048
2024-02-27 04:00:00,1.1497159679772633,1.1615479238627837,1.0162619822775725,1.0945335030266048
2024-02-28 04:00:00,1.1497159679772633,1.1615479238627837,1.0162619822775725,1.0945335030266048
2024-02-29 04:00:00,1.1497159679772633,1.1615479238627837,1.0162619822775725,1.0945335030266048
2024-03-01 04:00:00,1.1497159679772633,1.1615479238627837,1.016261982277572,1.0945335030266048
2024-03-04 04:00:00,1.1497159679772633,1.1615479238627837,1.016261982277572,1.0945335030266048
2024-03-05 04:00:00,1.1497159679772633,1.1615479238627837,1.016261982277572,1.0945335030266048
2024-03-06 04:00:00,1.1497159679772633,1.1615479238627837,1.016261982277572,1.0945335030266048
2024-03-07 04:00:00,1.1497159679772633,1.1615479238627837,1.016261982277572,1.0945335030266048
2024-03-08 04:00:00,1.1497159679772633,1.1615479238627837,1.016261982277572,1.0945335030266048
2024-03-11 04:00:00,1.3086475781687028,1.2735109161129752,1.070940224765368,1.2047172814198868
2024-03-12 04:00:00,1.3177077728511735,1.2743401038888125,1.065501637484292,1.2077015119942778
2024-03-13 04:00:00,1.3188821416977299,1.2761509354496805,1.0663591660520952,1.2085462863610157
2024-03-14 04:00:00,1.3217951897223763,1.279039021649894,1.0681209877022688,1.2116581022469362
2024-03-15 04:00:00,1.3123831572673734,1.2716985254833908,1.0651618164822745,1.2049145109507415
2024-03-18 04:00:00,1.318829154019555,1.2764005780955365,1.0683403076702773,1.2102073760308356
2024-03-19 04:00:00,1.3267076374579314,1.2835460201859366,1.0736148980990912,1.2171919747462092
2024-03-20 04:00:00,1.3389980584384964,1.3002530984009892,1.0804100560203267,1.2268513126380203
2024-03-21 04:00:00,1.3396308867189075,1.2855266415638653,1.0737914415103937,1.2240792736197779
2024-03-22 04:00:00,1.338608494343205,1.2827039819626451,1.0749399581813197,1.2241980971650124
2024-03-25 04:00:00,1.3347576698772554,1.2814928538722432,1.0746009463821031,1.222025731537514
2024-03-26 04:00:00,1.3320351478138912,1.2793212934661593,1.073126077962532,1.219493594996818
2024-03-27 04:00:00,1.344924317334556,1.2954248489819231,1.0847431646365662,1.2318352697350534
2024-03-28 04:00:00,1.347433174110417,1.2998034180254063,1.0889875806576077,1.2348753399480579
2024-03-29 04:00:00,1.347433174110417,1.2998034180254063,1.0889875806576077,1.2348753399480579
2024-04-01 04:00:00,1.3464897020548139,1.3024024337960656,1.08636597690668,1.233248590298344
2024-04-02 04:00:00,1.3459495737727003,1.3076994496761596,1.0925998776600032,1.2355654028236691
2024-04-03 04:00:00,1.3490468137712222,1.3165696461726033,1.0962442198888231,1.238675386108295
2024-04-04 04:00:00,1.339332285261532,1.306508305597528,1.095961655947994,1.233129616412646
2024-04-05 04:00:00,1.3548642760427745,1.3261950965139078,1.1028817688780823,1.244832707114561
2024-04-08 04:00:00,1.354811346090261,1.3281550851605717,1.1017875953508791,1.2439016550627833
2024-04-09 04:00:00,1.3591109079554304,1.3339136011664436,1.1090799798640225,1.2495209521066584
2024-04-10 04:00:00,1.3493934279779596,1.3236772574465878,1.0994952396423003,1.2402573594583557
2024-04-11 04:00:00,1.3645410893255003,1.355060863736939,1.1127761834571577,1.2543406321475759
2024-04-12 04:00:00,1.341903756371247,1.338920289167232,1.1078116555723019,1.2400595510921648
2024-04-15 04:00:00,1.3294596815705078,1.3380743029364228,1.1030041082891073,1.2300833626516487
2024-04-16 04:00:00,1.3231595079284442,1.3300173312671084,1.0958788872693053,1.2232332977155524
2024-04-17 04:00:00,1.3161735249254143,1.319311292184522,1.0942670991846761,1.2186092990930337
2024-04-18 04:00:00,1.3104699596518876,1.317027567810285,1.0918507252243024,1.2142505020638623
2024-04-19 04:00:00,1.3051948402733258,1.3106313248430188,1.0937510624184053,1.2118936657099604
2024-04-22 04:00:00,1.311691425873725,1.303464853949151,1.0875131370274012,1.213598572566395
2024-04-23 04:00:00,1.3235677271466775,1.3091907899043291,1.0897656329495897,1.2215085814888595
2024-04-24 04:00:00,1.3230196039677613,1.3090424070505577,1.0899280385036416,1.2215775864164453
2024-04-25 04:00:00,1.3166213152157311,1.3104070606206937,1.0904564242017811,1.218274250779459
2024-04-26 04:00:00,1.3252594832841964,1.3195470259346553,1.0860458624697713,1.220297732724198
2024-04-29 04:00:00,1.331773264891899,1.329198683163517,1.0954592396969305,1.228596943232874
2024-04-30 04:00:00,1.3070129667080244,1.3013323351390178,1.0785316940851593,1.207496953997947
2024-05-01 04:00:00,1.3092412897886785,1.3089258841514833,1.0771374475078148,1.2069694390918957
2024-05-02 04:00:00,1.3217235566842251,1.3236409031686707,1.0828836006856293,1.2166141668915416
2024-05-03 04:00:00,1.3400193802389893,1.3504560288460568,1.0991311283666865,1.2346168441945438
2024-05-06 04:00:00,1.3505481553859322,1.356056940567808,1.1035896887155205,1.2422454249025592
2024-05-07 04:00:00,1.3491337171359465,1.3551223064429525,1.1031483423312431,1.2412968954168266
2024-05-08 04:00:00,1.3507581512808708,1.3552528084827575,1.1010438288876425,1.2412169959787351
2024-05-09 04:00:00,1.3626649234013493,1.3715451884755787,1.114373287354511,1.2538346933449545
2024-05-10 04:00:00,1.3618842377778193,1.3704633093605485,1.1126423182637113,1.2523866827090564
2024-05-13 04:00:00,1.3624792359001803,1.370915760025725,1.1137676021965621,1.253677849913018
2024-05-14 04:00:00,1.3705049851450573,1.3806241622521886,1.1192752639209624,1.2602422124621258
2024-05-15 04:00:00,1.3837841518911216,1.3927022738919521,1.132648504093832,1.2737526667201156
2024-05-16 04:00:00,1.379181646047945,1.3879309095213648,1.1296249657276676,1.2698923039151364
2024-05-17 04:00:00,1.3853469086640369,1.400085590006603,1.1363579043579788,1.2761746623966541
2024-05-20 04:00:00,1.380554967635973,1.3994465198503152,1.1368919219276101,1.274149757384998
2024-05-21 04:00:00,1.385933641783889,1.403287948490489,1.1383292355702672,1.2774915454799927
2024-05-22 04:00:00,1.3782899109979916,1.3881415013640004,1.1263551102464315,1.2678038553606015
2024-05-23 04:00:00,1.3625505600580674,1.3631546487974686,1.1087704685916937,1.25123442912286
2024-05-24 04:00:00,1.3719390497246349,1.3729256552798337,1.1140170204064832,1.2588204206951674
2024-05-27 04:00:00,1.3719390497246349,1.3729256552798337,1.1140170204064832,1.2588204206951674
2024-05-28 04:00:00,1.374119009433307,1.3801279101798696,1.1160530632828645,1.2611260483391469
2024-05-29 04:00:00,1.3659076073951615,1.3746698036446774,1.1074957465570436,1.2527609972814227
2024-05-30 04:00:00,1.3594915715326552,1.375454366632788,1.1111560769581228,1.2507882841751992
2024-05-31 04:00:00,1.3658297507864143,1.3724831183958175,1.1191446157323557,1.2589019576008238
2024-06-03 04:00:00,1.368258560574992,1.3840330067291402,1.1215697649512038,1.260401615291534
2024-06-04 04:00:00,1.3670156661198076,1.3794537309361403,1.1190440644374051,1.258430854465074
2024-06-05 04:00:00,1.3797759489460544,1.3916460256874177,1.1285141592029713,1.2698105784297373
2024-06-06 04:00:00,1.38374592169441,1.3975412661993754,1.1306354002045385,1.2726947650677725
2024-06-07 04:00:00,1.3767858657465237,1.3822520870761719,1.1139638582645468,1.2621712900150903
2024-06-10 04:00:00,1.3792742912291749,1.382217205380401,1.1115717357500479,1.2621494602578147
2024-06-11 04:00:00,1.3905966952295081,1.4144283417118568,1.1304415609429619,1.2774074522035759
2024-06-12 04:00:00,1.3992090952232776,1.4280361738065142,1.1386812494442633,1.2860773895579043
2024-06-13 04:00:00,1.4003615446186368,1.4229773481679926,1.140022044450046,1.2873494418005798
2024-06-14 04:00:00,1.402279640209198,1.426287702485065,1.1426541765440208,1.2889157552332708
2024-06-17 04:00:00,1.4088247195389725,1.434117030080953,1.1419571832988538,1.2925902710621473
2024-06-18 04:00:00,1.410461315684281,1.4302376208839525,1.1451057638373487,1.2948784093710657
2024-06-19 04:00:00,1.410461315684281,1.4302376208839525,1.1451057638373487,1.2948784093710657
2024-06-20 04:00:00,1.4128741577897774,1.4319701777973852,1.1465372656530637,1.2965457117984909
2024-06-21 04:00:00,1.4086233942048598,1.4203363678328074,1.1374461718742657,1.2900102752681564
2024-06-24 04:00:00,1.4101693869737661,1.4208217823514069,1.1473725428881976,1.295885309019325
2024-06-25 04:00:00,1.4145130111095257,1.420684144659906,1.1484496155135908,1.299087181431363
2024-06-26 04:00:00,1.420948777465774,1.4343117411050539,1.146360838954504,1.3019002624685008
2024-06-27 04:00:00,1.4304407487774564,1.4493528372886628,1.153146399664451,1.309684973768212
2024-06-28 04:00:00,1.4198134882999065,1.436696468655162,1.143377727516628,1.2995489564226002
2024-07-01 04:00:00,1.4323328545401979,1.4593524018377255,1.14611210808965,1.3076419680786469
2024-07-02 04:00:00,1.4439012438607246,1.4729062571523228,1.151072551513608,1.315984809288345
2024-07-03 04:00:00,1.4498107764367156,1.4793304018358735,1.161284188740848,1.3238701283540992
2024-07-04 04:00:00,1.4498107764367156,1.4793304018358735,1.161284188740848,1.3238701283540992
2024-07-05 04:00:00,1.4594136980065693,1.4998998366030838,1.1713804459560206,1.3333829164074504
2024-07-08 04:00:00,1.4572189464450969,1.4950953959292395,1.167106975043343,1.3304264866221265
2024-07-09 04:00:00,1.455602169100539,1.4993887270035868,1.163986391765909,1.327827603234368
2024-07-10 04:00:00,1.4676128873379732,1.512333860374657,1.1738995906451677,1.3394066525557322
2024-07-11 04:00:00,1.4556475003717297,1.5039199718330238,1.1776531499557985,1.334073903662467
2024-07-12 04:00:00,1.4577915249107813,1.5085338924369391,1.1821100361699737,1.3377382409725704
2024-07-15 04:00:00,1.4653903429419917,1.5197068897260761,1.1883588126358613,1.3452559718382195
2024-07-16 04:00:00,1.474468625140978,1.5350653891551,1.2007776002591952,1.3553451332478348
2024-07-17 04:00:00,1.459814506094641,1.5131137298005168,1.1950900342251827,1.3446279689369953
2024-07-18 04:00:00,1.4434691928000356,1.489261203925889,1.1873040648978346,1.3328463507367612
2024-07-19 04:00:00,1.4318991556318277,1.4775348138462205,1.173691400489919,1.3201677314181286
2024-07-22 04:00:00,1.4362033740485556,1.4763859361599674,1.1714710493959337,1.3216810537307215
2024-07-23 04:00:00,1.438189650501715,1.4860982697640284,1.169694742462316,1.3212440358665922
2024-07-24 04:00:00,1.4115756621283904,1.4605993713400507,1.1594499262088256,1.302048474397863
2024-07-25 04:00:00,1.405537687274536,1.4473624247708277,1.1595391899652387,1.299513457235539
2024-07-26 04:00:00,1.4193907833311088,1.4600064224963092,1.166268760866682,1.3097614066593988
2024-07-29 04:00:00,1.4191403384044656,1.4600575932604276,1.1653024128733749,1.3089619382728541
2024-07-30 04:00:00,1.422053089034129,1.4675564025029086,1.1742576252513004,1.3144596367256494
2024-07-31 04:00:00,1.4378036270049779,1.492084395999646,1.1873929466753688,1.3290326680129851
2024-08-01 04:00:00,1.4204855878783584,1.4752982356850965,1.1800989950122103,1.3157210500956005
2024-08-02 04:00:00,1.3958104874369255,1.4510804554967889,1.1895235706160445,1.3069721010500364
2024-08-05 04:00:00,1.3610148603380443,1.408184065577539,1.1694439048890382,1.2779943618070373
2024-08-06 04:00:00,1.363105456974701,1.4026095293102518,1.1566712883051475,1.2735824494315924
2024-08-07 04:00:00,1.3634502773579675,1.4090603181947934,1.1602646636177283,1.2756654289838372
2024-08-08 04:00:00,1.3853350665871293,1.4325071825404447,1.1725588745264375,1.2938299563476692
2024-08-09 04:00:00,1.3957319833763207,1.4429445974100295,1.1820548491499192,1.3039260122036864
2024-08-12 04:00:00,1.4010517023527465,1.4567137916256871,1.1906324255547935,1.3102815585578977
2024-08-13 04:00:00,1.4164243321706393,1.4694859618559808,1.194597958374299,1.3205684748631623
2024-08-14 04:00:00,1.4211834414383813,1.4661863758639713,1.1970708639494616,1.32467918212374
2024-08-15 04:00:00,1.4378576359822315,1.485600567186717,1.1987686816166983,1.3347236162987397
2024-08-16 04:00:00,1.4431680255739705,1.5034413806559468,1.2071988333378183,1.3406837837408068
2024-08-19 04:00:00,1.4509523023204312,1.5043249414907527,1.2090751323916686,1.3460333392600947
2024-08-20 04:00:00,1.4484988349924761,1.508526144212699,1.2051273562661224,1.341793296063255
2024-08-21 04:00:00,1.4494942709292435,1.5091078082789358,1.2030550454034554,1.341315557051054
2024-08-22 04:00:00,1.4366955052538672,1.4927430036311748,1.1947712585657677,1.3310225073314041
2024-08-23 04:00:00,1.4494191949032824,1.5074275217146287,1.206864984013561,1.3437034290845802
2024-08-26 04:00:00,1.4492193591447893,1.5086267671964004,1.212644273159735,1.3466717747706425
2024-08-27 04:00:00,1.4480296863293576,1.5095783499360504,1.2114652160826616,1.345337143195158
2024-08-28 04:00:00,1.4388341194521779,1.4989548251081533,1.20407914006282,1.3367436972205617
2024-08-29 04:00:00,1.446245189693248,1.5118815419582488,1.2122006488342558,1.3447094828246302
2024-08-30 04:00:00,1.454876995977263,1.515363015490789,1.2056042138159508,1.346536774450678
2024-09-02 04:00:00,1.454876995977263,1.515363015490789,1.2056042138159508,1.346536774450678
2024-09-03 04:00:00,1.4319764721588886,1.4934827319614243,1.1951674961933723,1.328147403205882
2024-09-04 04:00:00,1.4267537063525455,1.4852101125086814,1.194197169876813,1.3244404370217593
2024-09-05 04:00:00,1.4311351627054298,1.4993369221872825,1.1984282233577102,1.3280662274628485
2024-09-06 04:00:00,1.4092084598999342,1.4796272937214066,1.1922574212855674,1.3133933941217262
2024-09-09 04:00:00,1.425812962171328,1.4901894834921614,1.2008805070697297,1.3266420597537234
2024-09-10 04:00:00,1.4219447304340278,1.4912616856919623,1.1954695098738672,1.321387936540952
2024-09-11 04:00:00,1.4357880844609396,1.5033953281534214,1.195984491085324,1.3290633522909552
2024-09-12 04:00:00,1.4460591716382947,1.5182436338555323,1.20436438425928,1.3385349281392667
2024-09-13 04:00:00,1.4486586524240916,1.5224744042818465,1.208626434500941,1.341845107538466
2024-09-16 04:00:00,1.4489561275360878,1.5084126092251007,1.2084869290923992,1.3418978722756603
2024-09-17 04:00:00,1.4538682284409474,1.5090963133840292,1.2091715055090737,1.3452780693248756
2024-09-18 04:00:00,1.449303216507553,1.5110302892977117,1.2070201845410777,1.342444870389811
2024-09-19 04:00:00,1.4741093815998463,1.5455811278694287,1.2241426623087877,1.3641843323639584
2024-09-20 04:00:00,1.4736736662643997,1.555371156525932,1.2246377515942297,1.3633787714998482
2024-09-23 04:00:00,1.4773762772764365,1.5561487478118672,1.227222178800271,1.3668903878996583
2024-09-24 04:00:00,1.4797494995716678,1.5679301609187983,1.2319012968803282,1.3699606689892296
2024-09-25 04:00:00,1.4729742622790667,1.562122584094938,1.222967389506534,1.3618820887819232
2024-09-26 04:00:00,1.4725261981443298,1.5661439775974233,1.222316189848526,1.3610083187689874
2024-09-27 04:00:00,1.4716614324379362,1.5572308120562834,1.2276962167683476,1.3639215882386317
2024-09-30 04:00:00,1.4759727607624742,1.561123262819579,1.2322587421128932,1.3693436266586336
2024-10-01 04:00:00,1.4659137533689537,1.5495111993569552,1.235122618224195,1.3651372919991511
2024-10-02 04:00:00,1.4659947156051176,1.5505104548001953,1.236394363019896,1.3662742921189521
2024-10-03 04:00:00,1.4603340841879382,1.5425294235359281,1.2343930908505818,1.362818820355645
2024-10-04 04:00:00,1.4738379986120458,1.5533038415810838,1.23622120885719,1.3715523375402399
2024-10-07 04:00:00,1.458262500954272,1.5315138030793232,1.2277903776884935,1.3593941382575097
2024-10-08 04:00:00,1.4630028071569656,1.5381360304472187,1.2229379155711229,1.3596000986004622
2024-10-09 04:00:00,1.4716423280722455,1.547672470027618,1.223752429292572,1.3650239826716946
2024-10-10 04:00:00,1.4730923616362268,1.553260446428373,1.2267862777914798,1.3671367851171363
2024-10-11 04:00:00,1.484541374934974,1.565420159703454,1.2288793414223596,1.3737127278152452
2024-10-14 04:00:00,1.4897412577031344,1.5703109726490445,1.233922215767918,1.3795074317068834
2024-10-15 04:00:00,1.4859604432893025,1.5789651315080229,1.2328151008602455,1.3755802267139943
2024-10-16 04:00:00,1.486445761980251,1.5773448362102243,1.2340753032315834,1.3763495750777726
2024-10-17 04:00:00,1.4862738936063122,1.5835746600771083,1.2310204752615919,1.3747569230804446
2024-10-18 04:00:00,1.4939973657893804,1.599719487951516,1.2373873705424037,1.3815574785908704
2024-10-21 04:00:00,1.4908698677426178,1.601688065184368,1.2338071039242564,1.3785777727624686
2024-10-22 04:00:00,1.4981254465235008,1.6093094703127593,1.2397397017599556,1.3848675720927905
2024-10-23 04:00:00,1.481321316672409,1.582172998811118,1.2278451854116852,1.3704132019966453
2024-10-24 04:00:00,1.4869531034533752,1.5902983905727317,1.2307230995792904,1.3742367974922958
2024-10-25 04:00:00,1.4883398973567015,1.594221334270445,1.2308310695118339,1.3751032312292333
2024-10-28 04:00:00,1.4914218056044648,1.6011160494879704,1.230591348924134,1.3765555409604404
2024-10-29 04:00:00,1.4954779424566775,1.6114230428708711,1.2320961709951121,1.3788004476379496
2024-10-30 04:00:00,1.494837026635631,1.6109735860711185,1.2298772275429,1.3766815723717472
2024-10-31 04:00:00,1.4646266636128717,1.5804169659547884,1.217429078078858,1.3547312206879785
2024-11-01 04:00:00,1.4707288955455453,1.5878233164429503,1.2035879729760728,1.351073946277101
2024-11-04 04:00:00,1.4707288955455453,1.5878233164429503,1.2035879729760728,1.351073946277101
2024-11-05 04:00:00,1.4707288955455453,1.5878233164429503,1.2035879729760728,1.351073946277101
2024-11-06 04:00:00,1.4707288955455453,1.5878233164429503,1.2035879729760728,1.351073946277101
2024-11-07 04:00:00,1.4707288955455453,1.5878233164429503,1.2035879729760728,1.351073946277101
2024-11-08 04:00:00,1.4707288955455453,1.5878233164429503,1.2035879729760728,1.351073946277101
2024-11-11 04:00:00,1.4707288955455453,1.5878233164429503,1.2035879729760728,1.351073946277101
2024-11-12 04:00:00,1.4707288955455453,1.5878233164429503,1.2035879729760728,1.351073946277101
2024-11-13 04:00:00,1.4707288955455453,1.5878233164429503,1.2035879729760728,1.351073946277101
2024-11-14 04:00:00,1.4707288955455453,1.5878233164429503,1.2035879729760728,1.351073946277101
2024-11-15 04:00:00,1.4707288955455453,1.5878233164429503,1.2035879729760728,1.351073946277101
2024-11-18 04:00:00,1.4707288955455453,1.5878233164429503,1.2035879729760728,1.351073946277101
2024-11-19 04:00:00,1.4707288955455453,1.5878233164429503,1.2035879729760728,1.351073946277101
2024-11-20 04:00:00,1.4707288955455453,1.5878233164429503,1.2035879729760728,1.351073946277101
2024-11-21 04:00:00,1.4707288955455453,1.5878233164429503,1.2035879729760728,1.351073946277101
2024-11-22 04:00:00,1.4707288955455453,1.5878233164429503,1.2035879729760728,1.351073946277101
2024-11-25 04:00:00,1.4707288955455453,1.5878233164429503,1.2035879729760728,1.351073946277101
2024-11-26 04:00:00,1.4707288955455453,1.5878233164429503,1.2035879729760728,1.351073946277101
2024-11-27 04:00:00,1.4707288955455453,1.5878233164429503,1.2035879729760728,1.351073946277101
2024-11-28 04:00:00,1.4707288955455453,1.5878233164429503,1.2035879729760728,1.351073946277101
2024-11-29 04:00:00,1.4707288955455453,1.5878233164429503,1.2035879729760728,1.351073946277101
2024-12-02 04:00:00,1.4707288955455453,1.5878233164429503,1.2035879729760728,1.351073946277101
2024-12-03 04:00:00,1.4707288955455453,1.5878233164429503,1.2035879729760728,1.351073946277101
2024-12-04 04:00:00,1.4707288955455453,1.5878233164429503,1.2035879729760728,1.351073946277101
2024-12-05 04:00:00,1.4707288955455453,1.5878233164429503,1.2035879729760728,1.351073946277101
2024-12-06 04:00:00,1.4707288955455453,1.5878233164429503,1.2035879729760728,1.351073946277101
2024-12-09 04:00:00,1.4707288955455453,1.5878233164429503,1.2035879729760728,1.351073946277101
2024-12-10 04:00:00,1.4707288955455453,1.5878233164429503,1.2035879729760728,1.351073946277101
2024-12-11 04:00:00,1.4707288955455453,1.5878233164429503,1.2035879729760728,1.351073946277101
2024-12-12 04:00:00,1.4707288955455453,1.5878233164429503,1.2035879729760728,1.351073946277101
2024-12-13 04:00:00,1.4707288955455453,1.5878233164429503,1.2035879729760728,1.351073946277101
2024-12-16 04:00:00,1.4707288955455453,1.5878233164429503,1.2035879729760728,1.351073946277101
2024-12-17 04:00:00,1.4707288955455453,1.5878233164429503,1.2035879729760728,1.351073946277101
2024-12-18 04:00:00,1.4707288955455453,1.5878233164429503,1.2035879729760728,1.351073946277101
2024-12-19 04:00:00,1.4707288955455453,1.5878233164429503,1.2035879729760728,1.351073946277101
2024-12-20 04:00:00,1.4707288955455453,1.5878233164429503,1.2035879729760728,1.351073946277101
2024-12-23 04:00:00,1.4707288955455453,1.5878233164429503,1.2035879729760728,1.351073946277101
2024-12-24 04:00:00,1.4707288955455453,1.5878233164429503,1.2035879729760728,1.351073946277101
2024-12-25 04:00:00,1.4707288955455453,1.5878233164429503,1.2035879729760728,1.351073946277101
2024-12-26 04:00:00,1.4707288955455453,1.5878233164429503,1.2035879729760728,1.351073946277101
2024-12-27 04:00:00,1.4707288955455453,1.5878233164429503,1.2035879729760728,1.351073946277101
2024-12-30 04:00:00,1.4707288955455453,1.5878233164429503,1.2035879729760728,1.351073946277101
2024-12-31 04:00:00,1.4707288955455453,1.5878233164429503,1.2035879729760728,1.351073946277101
2025-01-01 04:00:00,1.4707288955455458,1.5878233164429503,1.2035879729760728,1.351073946277101
2025-01-02 04:00:00,1.4707288955455458,1.5878233164429503,1.2035879729760728,1.351073946277101
2025-01-03 04:00:00,1.4707288955455458,1.5878233164429503,1.2035879729760728,1.351073946277101
2025-01-06 04:00:00,1.4707288955455458,1.5878233164429503,1.2035879729760728,1.351073946277101
2025-01-07 04:00:00,1.4707288955455458,1.5878233164429503,1.2035879729760728,1.351073946277101
2025-01-08 04:00:00,1.4707288955455458,1.5878233164429503,1.2035879729760728,1.351073946277101
2025-01-09 04:00:00,1.4707288955455458,1.5878233164429503,1.2035879729760728,1.351073946277101
2025-01-10 04:00:00,1.4707288955455458,1.5878233164429503,1.2035879729760728,1.351073946277101
2025-01-13 04:00:00,1.4707288955455458,1.5878233164429503,1.2035879729760728,1.351073946277101
2025-01-14 04:00:00,1.4707288955455458,1.5878233164429503,1.2035879729760728,1.351073946277101
2025-01-15 04:00:00,1.4707288955455458,1.5878233164429503,1.2035879729760728,1.351073946277101
2025-01-16 04:00:00,1.4707288955455458,1.5878233164429503,1.2035879729760728,1.351073946277101
2025-01-17 04:00:00,1.4707288955455458,1.5878233164429503,1.2035879729760728,1.351073946277101
2025-01-20 04:00:00,1.4707288955455458,1.5878233164429503,1.2035879729760728,1.351073946277101
2025-01-21 04:00:00,1.4707288955455458,1.5878233164429503,1.2035879729760728,1.351073946277101
2025-01-22 04:00:00,1.4707288955455458,1.5878233164429503,1.2035879729760728,1.351073946277101
2025-01-23 04:00:00,1.4707288955455458,1.5878233164429503,1.2035879729760728,1.351073946277101
2025-01-24 04:00:00,1.4707288955455458,1.5878233164429503,1.2035879729760728,1.351073946277101
2025-01-27 04:00:00,1.4707288955455458,1.5878233164429503,1.2035879729760728,1.351073946277101
2025-01-28 04:00:00,1.4707288955455458,1.5878233164429503,1.2035879729760728,1.351073946277101
2025-01-29 04:00:00,1.4707288955455458,1.5878233164429503,1.2035879729760728,1.351073946277101
2025-01-30 04:00:00,1.4707288955455458,1.5878233164429503,1.2035879729760728,1.351073946277101
2025-01-31 04:00:00,1.4707288955455458,1.5878233164429503,1.2035879729760728,1.351073946277101
2025-02-03 04:00:00,1.4707288955455458,1.5878233164429503,1.2035879729760726,1.351073946277101
2025-02-04 04:00:00,1.4707288955455458,1.5878233164429503,1.2035879729760726,1.351073946277101
2025-02-05 04:00:00,1.4707288955455458,1.5878233164429503,1.2035879729760726,1.351073946277101
2025-02-06 04:00:00,1.4707288955455458,1.5878233164429503,1.2035879729760726,1.351073946277101
2025-02-07 04:00:00,1.4707288955455458,1.5878233164429503,1.2035879729760726,1.351073946277101
2025-02-10 04:00:00,1.4707288955455458,1.5878233164429503,1.2035879729760726,1.351073946277101
2025-02-11 04:00:00,1.4707288955455458,1.5878233164429503,1.2035879729760726,1.351073946277101
2025-02-12 04:00:00,1.4707288955455458,1.5878233164429503,1.2035879729760726,1.351073946277101
2025-02-13 04:00:00,1.4707288955455458,1.5878233164429503,1.2035879729760726,1.351073946277101
2025-02-14 04:00:00,1.4707288955455458,1.5878233164429503,1.2035879729760726,1.351073946277101
2025-02-17 04:00:00,1.4707288955455458,1.5878233164429503,1.2035879729760726,1.351073946277101
2025-02-18 04:00:00,1.4707288955455458,1.5878233164429503,1.2035879729760726,1.351073946277101
2025-02-19 04:00:00,1.4707288955455458,1.5878233164429503,1.2035879729760726,1.351073946277101
2025-02-20 04:00:00,1.4707288955455458,1.5878233164429503,1.2035879729760726,1.351073946277101
2025-02-21 04:00:00,1.4707288955455458,1.5878233164429503,1.2035879729760726,1.351073946277101
2025-02-24 04:00:00,1.4707288955455458,1.5878233164429503,1.2035879729760726,1.351073946277101
2025-02-25 04:00:00,1.4707288955455458,1.5878233164429503,1.2035879729760726,1.351073946277101
2025-02-26 04:00:00,1.4707288955455458,1.5878233164429503,1.2035879729760726,1.351073946277101
2025-02-27 04:00:00,1.4707288955455458,1.5878233164429503,1.2035879729760726,1.351073946277101
2025-02-28 04:00:00,1.4707288955455458,1.5878233164429503,1.2035879729760726,1.351073946277101
2025-03-03 04:00:00,1.4707288955455458,1.5878233164429503,1.2035879729760723,1.351073946277101
2025-03-04 04:00:00,1.4707288955455458,1.5878233164429503,1.2035879729760723,1.351073946277101
2025-03-05 04:00:00,1.4707288955455458,1.5878233164429503,1.2035879729760723,1.351073946277101
2025-03-06 04:00:00,1.4707288955455458,1.5878233164429503,1.2035879729760723,1.351073946277101
2025-03-07 04:00:00,1.4707288955455458,1.5878233164429503,1.2035879729760723,1.351073946277101
