final_value,Method
349987.5441579759,historical
374541.9537756277,historical
527433.2717688597,historical
219875.15427679545,historical
313432.9896629071,historical
313761.3299014085,historical
294549.22761593625,historical
401169.87561102695,historical
251142.1722812708,historical
273888.89776825043,historical
299869.1177625646,historical
299332.7366196281,historical
304394.8248114022,historical
281103.2400125443,historical
462344.7648650921,historical
296792.9526434208,historical
232983.30667546453,historical
220236.94617637285,historical
344130.8201870766,historical
446639.1980550903,historical
281904.1010165167,historical
332981.4069922325,historical
289338.4085060714,historical
391545.2436897344,historical
347090.9529250236,historical
290413.17651472223,historical
377271.9170084485,historical
341098.52382327046,historical
225001.50665840943,historical
283242.85034322256,historical
271942.5768074081,historical
303337.9789073512,historical
429458.8248326912,historical
574189.4172891978,historical
244582.0342954777,historical
282441.5951096958,historical
326449.2402791968,historical
351729.9920268046,historical
456835.3481368752,historical
387550.940282183,historical
357162.4727923732,historical
279313.4977905774,historical
276114.71101201,historical
298560.7072871411,historical
552438.735192037,historical
273699.3333406967,historical
371003.09341762494,historical
363689.6232179357,historical
321048.4939319539,historical
418977.7147079602,historical
269966.72494536004,historical
300810.2585424487,historical
273608.8099881504,historical
413422.5946792056,historical
308670.78487893223,historical
247441.3553541577,historical
188201.4057721196,historical
372407.5024820143,historical
431807.54820299445,historical
362241.6321359078,historical
257658.82714860933,historical
301708.0314495722,historical
294935.7123704075,historical
275381.57420639246,historical
256008.41136671643,historical
174290.5827397859,historical
471953.9342169592,historical
246461.97251597207,historical
252775.22402195065,historical
206871.30026845608,historical
638085.3096765795,historical
314462.04842536425,historical
266854.20159157907,historical
385932.7824040515,historical
331521.97671736614,historical
365692.7731684504,historical
331096.70897502697,historical
231481.0360953672,historical
275429.42214409425,historical
243205.39954457415,historical
268385.9616176767,historical
300487.5939042171,historical
281557.42864610243,historical
357940.8449449388,historical
316106.9172695547,historical
350713.468831773,historical
265513.10848312726,historical
349119.0975350954,historical
555516.1716471508,historical
263404.44538254413,historical
298951.83004385483,historical
301932.547926295,historical
255784.80217361657,historical
343207.10799922846,historical
219432.9012057913,historical
246750.10188945296,historical
341636.04560121946,historical
275753.81887114974,historical
191769.81150249907,historical
342155.0461488529,historical
222070.5771978157,historical
275348.899198484,historical
618574.8390597716,historical
405974.0591692759,historical
210736.95802002732,historical
368117.1115655936,historical
277306.19187315024,historical
274678.13940857246,historical
443900.5480934534,historical
398426.1164563028,historical
413613.5815139773,historical
321997.9414337804,historical
618010.5184962264,historical
317728.8440366711,historical
353224.1954525558,historical
440918.0259520358,historical
246503.65780600955,historical
452229.0585847517,historical
285732.5450884981,historical
323798.3252569305,historical
302337.3258654804,historical
191990.43800108923,historical
284295.8506437111,historical
378312.8985840466,historical
290313.5343274581,historical
192030.34322564755,historical
287743.4996230804,historical
323698.1928416671,historical
415490.64139002975,historical
225328.2230652329,historical
477714.9651007723,historical
226644.55803101297,historical
264120.707206334,historical
322137.8958911074,historical
188662.4894980421,historical
327015.622698591,historical
390054.925268614,historical
337261.0985061749,historical
346423.4272584788,historical
304512.0375483659,historical
159693.19082542407,historical
491778.5463807534,historical
343623.852310576,historical
504980.8198911025,historical
275020.3295345527,historical
507374.90334407386,historical
387661.14486632735,historical
310989.1960637894,historical
295372.17271157674,historical
159765.97578613815,historical
262279.9226870552,historical
218152.4380217312,historical
399465.0606506692,historical
267710.64840043755,historical
304943.974848783,historical
540013.0560083353,historical
184470.195932068,historical
332064.64302940865,historical
251875.9928498599,historical
380019.4759135886,historical
230086.98552903463,historical
340171.9030897218,historical
395652.2155666598,historical
266883.64329701,historical
445553.7684131771,historical
195759.86495124,historical
633932.607772724,historical
330442.9386886026,historical
280450.85714691563,historical
521656.8753099028,historical
368580.1899863838,historical
381695.9353006748,historical
439136.8749415106,historical
230449.67029688272,historical
374185.880935489,historical
334086.6510926275,historical
242055.36902555756,historical
454674.0753627266,historical
408520.76408443,historical
440678.2238318136,historical
287268.4588145376,historical
257832.39126524015,historical
373770.8964592784,historical
307714.57473242574,historical
356953.98832899,historical
239933.49729300413,historical
164700.40664437893,historical
403287.43725130864,historical
306505.90705022786,historical
360865.208152871,historical
356445.8687873166,historical
285850.9463428783,historical
234428.78634639297,historical
384974.6994539781,historical
218742.66029516395,historical
207879.4445338352,historical
287451.7240651061,historical
273898.3365926093,historical
347808.0344271236,historical
425233.4624455141,historical
339955.20299011737,historical
323543.72611169715,historical
259464.1575251309,historical
250287.4181835443,historical
473576.4215175098,historical
408254.7325851536,historical
609869.5020532167,historical
438966.28535211465,historical
316883.99099757365,historical
171925.67905072423,historical
322003.74042779574,historical
413159.9569267536,historical
343726.8171094326,historical
235046.61002221348,historical
281329.392767472,historical
359663.06423300377,historical
416216.1999494788,historical
313215.1546067762,historical
247063.4434360062,historical
478402.5716901631,historical
214673.51700194823,historical
298118.5226238668,historical
224544.93180928376,historical
495030.70709011145,historical
283489.1762192863,historical
351390.2342596553,historical
341064.067864691,historical
371552.4074075343,historical
242410.4937524161,historical
297085.8961229535,historical
307960.25574925414,historical
278457.2389531916,historical
249178.57360821555,historical
323819.9196376294,historical
640149.727196095,historical
304674.1435813763,historical
499002.3625557949,historical
336529.5920865683,historical
340667.6699848832,historical
414659.55589168856,historical
253766.68423986435,historical
437466.20173668367,historical
415076.1349243349,historical
191591.43955249048,historical
242563.17311864824,historical
318206.0773810435,historical
296988.6331672512,historical
213041.1109415793,historical
298884.1921291553,historical
332025.8482515576,historical
478600.0128164273,historical
318209.7200820202,historical
406829.8989291646,historical
311017.1869465432,historical
334507.42692199687,historical
239987.48332468484,historical
282209.4170449109,historical
362761.2759915821,historical
350364.73986657057,historical
500101.4860535872,historical
344527.59020456474,historical
359769.7057542766,historical
218327.40685631416,historical
332366.77034575044,historical
362551.0274122413,historical
465151.5371420129,historical
426582.59271470224,historical
306502.02570939704,historical
453236.5095184416,historical
329590.09623874066,historical
245439.17219554915,historical
293936.03826633014,historical
273508.9581728881,historical
251874.28109414203,historical
401343.179721165,historical
232535.05576840125,historical
263106.9334482803,historical
385879.5410729004,historical
291943.2238182361,historical
335597.8096272163,historical
265276.5328553141,historical
432637.12876043393,historical
271875.1429946141,historical
293136.48522525275,historical
513118.3332204615,historical
377585.579716189,historical
225308.76274789477,historical
381982.4249684114,historical
215858.183670042,historical
313673.96348897053,historical
256506.2948657547,historical
272220.67264899873,historical
304288.8118494139,historical
174669.3347336485,historical
217083.9248774917,historical
466418.436738485,historical
345859.7081864258,historical
186640.14524986723,historical
297642.634380413,historical
366494.22433300473,historical
347408.8729767547,historical
223985.42515915172,historical
408218.3051177532,historical
362767.1234894484,historical
176715.0039332622,historical
507797.0459598645,historical
401557.758390078,historical
319858.17570169084,historical
420377.4431018768,historical
215978.40519708497,historical
317192.11078969215,historical
257085.70311523785,historical
238029.7699140025,historical
239341.33610782475,historical
294724.7355294352,historical
513986.4806102838,historical
254871.5043575864,historical
306586.094001244,historical
553758.2334806701,historical
360509.1748919365,historical
590257.328688486,historical
433618.91456342273,historical
501435.4573430612,historical
490044.31809490494,historical
342864.1661452127,historical
207733.20266459213,historical
165014.84887860063,historical
255923.31827138204,historical
280120.0390710001,historical
305617.10342713114,historical
377182.9638575271,historical
280582.9923097892,historical
284823.4045876766,historical
220802.9023869866,historical
395706.40816502937,historical
369679.4913259842,historical
528920.6364198957,historical
317925.49689478264,historical
321515.6247659428,historical
313480.34433526656,historical
449631.67495406495,historical
297926.1357237213,historical
260106.7228905308,historical
262629.1533548903,historical
233579.3997557308,historical
243479.4131763888,historical
305207.08775986603,historical
355513.0836079909,historical
240532.1248276866,historical
461455.6896435785,historical
260752.29257198688,historical
488036.9807902692,historical
456639.5536465666,historical
207738.67841646253,historical
160883.61624655273,historical
228553.02381200437,historical
403973.0804721957,historical
209299.4239083012,historical
295335.4101449151,historical
394316.3620593334,historical
428926.7585138953,historical
245705.6777535145,historical
315340.53171785286,historical
319950.94841742946,historical
372320.9803902885,historical
409453.3496451292,historical
518398.24219777854,historical
421952.4767062581,historical
342864.78751801135,historical
168692.07207835303,historical
289371.4898470048,historical
281629.47164094425,historical
291889.785837196,historical
526633.8646419798,historical
196971.9184678059,historical
333175.84040436905,historical
276875.9833126037,historical
375737.92953335214,historical
396939.5936909604,historical
295265.6358377775,historical
382802.62868497474,historical
398567.3525855491,historical
378588.0619316667,historical
245136.2173233938,historical
627030.8913536282,historical
323668.374474332,historical
429094.3116380508,historical
310889.83845097665,historical
320461.911925444,historical
424047.6438079295,historical
242291.95631782064,historical
453277.2025680497,historical
251830.9021367279,historical
276636.99078475125,historical
270051.45686874015,historical
292458.0676304313,historical
308841.32363459375,historical
288980.4626607436,historical
214771.02264179723,historical
226301.70117251383,historical
291173.0874322847,historical
322788.1420047507,historical
254447.32179137573,historical
555451.3821631726,historical
263113.73954395193,historical
397094.0725618777,historical
392544.548688684,historical
270958.1338468261,historical
432313.28692438407,historical
237374.8456202988,historical
212272.93739704276,historical
179533.31324125564,historical
279242.81893658306,historical
206630.74378306803,historical
253963.22146222187,historical
449796.7801019914,historical
357252.4928590901,historical
270688.047372425,historical
329499.95123340783,historical
346681.5659201356,historical
230202.114788488,historical
270913.85572364257,historical
209049.95013967535,historical
277338.12591564766,historical
302016.6052732936,historical
305690.60929152474,historical
202479.31198138703,historical
180922.2772240068,historical
389923.7639406097,historical
393916.6359904687,historical
354307.73599043133,historical
321764.111066282,historical
363965.9008431842,historical
323311.6752667769,historical
422427.89503511554,historical
350529.72342307307,historical
184682.1280232144,historical
376876.6343776004,historical
357906.78912291786,historical
390371.12001901696,historical
287470.7872734765,historical
293276.50854280166,historical
397132.8239129257,historical
444291.6678295969,historical
412470.9062145135,historical
246954.3499575813,historical
267339.74182234955,historical
337273.0852289712,historical
307189.78822484886,historical
172966.68231231763,historical
278673.86024270573,historical
280706.74114676454,historical
268462.3718388801,historical
289218.4628871123,historical
366841.150317756,historical
251950.1295443158,historical
271883.83842782164,historical
342008.31982344034,historical
231303.05017963337,historical
494240.0256602712,historical
420645.5503478134,historical
357134.1416904418,historical
252667.2569438915,historical
494148.561859476,historical
285680.6594687909,historical
284660.8902959551,historical
328460.2611124538,historical
187031.77949159485,historical
375037.8212083391,historical
369538.09646602295,historical
312129.5161820713,historical
280791.547316165,historical
290241.2285470639,historical
318966.0532784148,historical
339802.1334513097,historical
256779.0068704579,historical
410521.43554626266,historical
224228.8202116184,historical
203748.4977742673,historical
298964.3021191567,historical
298606.21607135667,historical
277633.46084063064,historical
282998.3089172476,historical
368185.421702809,historical
312147.6010447727,historical
303469.7775263492,historical
237113.3648491932,historical
313648.297270832,historical
274412.7545277003,historical
550503.9517170977,historical
290379.1757578194,historical
280413.3431107712,historical
228404.0360848553,historical
327430.943070847,historical
266168.26723070146,historical
255957.230275861,historical
319056.3113984553,historical
278545.69275465055,historical
311131.5937882344,historical
343201.8560681268,historical
248665.92137477937,historical
317865.58815976995,historical
370533.8495986707,historical
274975.8335323935,historical
338126.5590968993,historical
265506.62617792835,historical
329758.0270275269,historical
441274.779689451,historical
400855.1199314474,historical
363028.01970524254,historical
367200.3019767109,historical
298047.74600771366,historical
288586.1042362499,historical
303047.1559846976,historical
298997.256961031,historical
371872.6479442842,historical
381981.8649845963,historical
555110.2357736441,historical
378086.413923545,historical
190907.2669612429,historical
498342.888988802,historical
245860.67285372267,historical
188257.59506658555,historical
471796.0544752108,historical
226828.6770490572,historical
517556.52805901866,historical
203291.9823317725,historical
230384.48531258837,historical
438089.3811622103,historical
311622.6776761701,historical
221439.20748285388,historical
186670.9473779177,historical
254979.89779089388,historical
300396.4172527606,historical
248868.50358510469,historical
277376.5646065244,historical
380610.5523103587,historical
262997.35442289914,historical
260692.03369394288,historical
187385.48731563907,historical
304446.4388415093,historical
289753.0152437836,historical
282061.4669775386,historical
287270.881160108,historical
344919.1040816154,historical
496431.3528407791,historical
354575.6783828604,historical
350999.9546345036,historical
286721.87749491376,historical
283985.5508280598,historical
437531.6214260424,historical
477071.8261210259,historical
539214.1875184258,historical
330656.4221740902,historical
246221.3195002035,historical
372253.93667267135,historical
242031.30411036592,historical
415363.0901933909,historical
459639.66746646445,historical
289054.5883628816,historical
412899.387458516,historical
381197.6667502407,historical
193955.37787671207,historical
324737.72821270564,historical
394079.95458340313,historical
268753.1870930398,historical
273305.79542854097,historical
279953.57105023146,historical
304774.9943245141,historical
442632.16104091983,historical
263298.3622202574,historical
412275.4867145696,historical
368524.6922696448,historical
283570.35038697574,historical
221097.64341914843,historical
482547.481123678,historical
343874.84701898985,historical
281372.017858482,historical
257193.35619274023,historical
363182.4097097411,historical
378410.7610512548,historical
433141.4110776942,historical
226076.4504513216,historical
255324.37852392,historical
381740.25998875743,historical
273208.6104919637,historical
307870.02692226326,historical
317867.5486428793,historical
293080.2927497106,historical
278782.0921927776,historical
247953.96007353129,historical
398058.39322029,historical
282040.5493743048,historical
238381.93427474375,historical
395216.1330022491,historical
419779.9216165297,historical
551121.7960927815,historical
296852.3046370055,historical
268391.1931983073,historical
301782.33154327434,historical
247841.50561876505,historical
348998.39473188325,historical
265441.4933165692,historical
296924.0090680067,historical
272421.7596966474,historical
418122.96347945306,historical
285616.59831707313,historical
183102.58710734287,historical
469702.3104813399,historical
272751.6415102902,historical
327205.3031868559,historical
350674.63068777893,historical
427718.7651473251,historical
329140.0901826398,historical
259154.7201993334,historical
235228.4954754313,historical
329378.508618558,historical
218547.09335833808,historical
364245.5704083018,historical
389327.22955979407,historical
252929.4405335436,historical
463015.06801182975,historical
155233.66090037173,historical
428712.65016011335,historical
302631.49770046,historical
441753.1381056903,historical
296773.836921856,historical
243915.14754991684,historical
384522.942750076,historical
434293.2437694583,historical
352554.60339736205,historical
473617.2197949288,historical
354189.00875068706,historical
259659.1431585979,historical
355351.76537869027,historical
333485.358150687,historical
289783.84320121526,historical
310471.16943658923,historical
525935.6782572727,historical
256705.88746506296,historical
417485.6522450367,historical
320094.2007272281,historical
265182.0228719887,historical
371362.2561070816,historical
298666.430237592,historical
286651.3007915175,historical
283317.66881265125,historical
243685.2525982104,historical
267413.96523282066,historical
431239.3881000959,historical
327058.5844958429,historical
253642.3839231395,historical
255388.12021418865,historical
536875.2541804832,historical
213139.21339115108,historical
396746.0580173648,historical
297031.19405287714,historical
381173.8346122298,historical
393278.7033133487,historical
383097.1614648315,historical
347921.7574664977,historical
434478.2660898883,historical
336285.5759395829,historical
552944.5658523039,historical
173923.79245736627,historical
511876.6937603672,historical
206004.474292005,historical
390265.52480617707,historical
262117.3414689841,historical
337484.9176456836,historical
352227.761755981,historical
297183.5079822383,historical
317276.4003921224,historical
385788.09353765554,historical
385041.7661176932,historical
315527.6633633067,historical
294772.0631313867,historical
270863.7017130006,historical
381611.6472564791,historical
258516.48625551205,historical
351936.4593299869,historical
261499.55275307293,historical
275969.3800020918,historical
318700.6144274374,historical
374402.4564934845,historical
415811.06997864303,historical
277996.38066645974,historical
240447.65418067056,historical
300009.62610036647,historical
523013.0902263701,historical
222992.3114872501,historical
250548.30428875436,historical
243269.22183614105,historical
314286.9074295446,historical
285406.4971394899,historical
260845.85501865693,historical
316973.2002396093,historical
516907.7672944185,historical
294478.851803028,historical
300633.62610916625,historical
401015.4027345547,historical
241194.2192133961,historical
208810.1067802688,historical
404380.3630544834,historical
261958.08594286963,historical
257068.1191540392,historical
352352.064739762,historical
492326.2399877976,historical
259214.48306665287,historical
414640.5156646651,historical
422060.7306715279,historical
270393.87769778725,historical
234727.72153920663,historical
193799.3671566509,historical
389071.1650539608,historical
239453.06260337212,historical
453799.8076311001,historical
354994.3804310656,historical
406886.4305465309,historical
320215.4280826076,historical
276618.2422579794,historical
389687.9544454237,historical
343621.9699640915,historical
272299.2796514412,historical
409479.817510727,historical
271402.50815114245,historical
329566.25530760793,historical
352564.3972971984,historical
266351.3359826872,historical
365122.67750031385,historical
276494.8050947504,historical
415629.8551820997,historical
331039.13660060137,historical
380225.056545081,historical
391945.9739567193,historical
299602.48631380784,historical
298984.40995477966,historical
298199.76968047064,historical
336700.7897771221,historical
340759.76711377106,historical
407143.3302499855,historical
307157.1804705225,historical
366060.7039958866,historical
208934.00490534565,historical
273244.135278052,historical
314311.70531710365,historical
343037.70333079994,historical
307032.2090039254,historical
458168.977871009,historical
218180.8363783492,historical
347562.7158809525,historical
177767.66586259915,historical
312814.267674904,historical
198439.1568463617,historical
269773.0672482692,historical
276274.3219654461,historical
263090.1730326205,historical
313713.46809666185,historical
324021.63696609816,historical
312005.5458171674,historical
249563.5965073213,historical
174323.74132991576,historical
332629.4439085791,historical
224650.6283901573,historical
331115.1436844019,historical
288807.1056454457,historical
294928.94911881426,historical
206768.80756086716,historical
349714.67759199254,historical
335375.6093384573,historical
199897.58901106069,historical
303259.94820740644,historical
377247.8936678084,historical
331223.4743104752,historical
290138.1824648085,historical
307272.8548756316,historical
401502.5624094505,historical
317705.046725556,historical
428507.11540075735,historical
235139.7280118501,historical
381224.4746852135,historical
281925.2828882296,historical
273606.2647686196,historical
245959.2716775368,historical
311491.91859752056,historical
221767.50190861785,historical
267198.3045923108,historical
212728.9011841098,historical
238189.95035438525,historical
236325.5524912359,historical
210793.46013066688,historical
396731.0724074575,historical
219696.8160023777,historical
242707.3613608046,historical
294210.59251443256,historical
272567.8307326632,historical
267406.3884038571,historical
461232.6133246911,historical
217138.39292691,historical
245395.52466077585,historical
354382.7467231757,historical
313546.45164713723,historical
471821.7079636167,historical
349249.7445752688,historical
203010.50691539707,historical
301766.046364595,historical
312599.8837429392,historical
191929.18371443535,historical
346710.3753896173,historical
356828.0540872256,historical
348955.01538357505,historical
217377.8172846322,historical
286076.73137549154,historical
261442.16203759244,historical
337344.8632425461,historical
383299.4348867909,historical
253599.33122614145,historical
333147.54755386995,historical
271745.5737286728,historical
415589.49224776303,historical
231618.96949014827,historical
489651.51795703487,historical
242184.351136004,historical
290627.1878192516,historical
191898.981069324,historical
510300.4046635932,historical
384293.4491592033,historical
203458.81959470664,historical
276767.0403186671,historical
403018.16941602,historical
320286.46329623857,historical
357863.83943711733,historical
330493.4125112882,historical
270450.4816349879,historical
367798.4821388736,historical
366198.5737695479,historical
343071.3915169541,historical
297039.7522121963,historical
326556.66191020014,historical
300328.3173747894,historical
285713.264574047,historical
260997.42039910585,historical
188984.7504961124,historical
283891.78074134525,historical
287034.6244208188,historical
384840.6317693824,historical
287621.2341560604,historical
340601.15159301425,historical
311261.24413103715,historical
628919.1385492613,historical
441485.5300202039,historical
403278.1476158016,historical
291683.2284264626,historical
326891.47200567496,historical
354575.1259580417,historical
282303.18064556574,historical
248373.2296730329,historical
415187.2117733889,historical
339222.49508843216,historical
236248.8698543971,historical
223523.15199934551,historical
367204.8543999307,historical
272092.4462362184,historical
351380.3993607764,historical
232154.62941041405,historical
283837.9426836797,historical
433007.0519804788,historical
246050.4625612541,historical
353413.34906225675,historical
249890.66199830637,historical
369303.5633161971,historical
422777.92827315984,historical
298609.05032318307,historical
264647.07501953543,historical
405378.077568628,historical
468163.1364513674,historical
515886.12802059046,historical
217787.07631019404,historical
258898.53329123984,historical
266221.1449093464,historical
389722.8863474716,historical
384973.6737444924,historical
312453.6158371477,historical
186832.99831633383,historical
277945.5932592723,historical
351798.16848551127,historical
314074.4616916321,historical
373469.3811684045,historical
257050.3655086214,historical
470378.8191753893,historical
262779.53262117674,historical
262326.7907232755,historical
229520.96426732696,historical
701624.2227965588,historical
357905.07392344414,historical
295605.7292519672,historical
253088.98162108607,historical
313498.5977854694,historical
339923.455953162,historical
364567.27995549736,historical
274809.43733125686,historical
481653.0362045834,historical
378499.6976315139,historical
415258.9441637228,historical
194864.93358915183,historical
283031.709172382,historical
315800.4684815785,historical
367608.2695913924,historical
250836.2945744097,historical
307865.65142898186,historical
333822.6600171749,historical
387091.4724786936,historical
415524.93488569785,historical
252117.5329519426,historical
619970.969669697,historical
275574.2285986134,historical
268160.16287516465,historical
344390.5223581807,historical
299701.7142225424,historical
306996.6332814234,historical
327496.8231722248,historical
408784.21681325417,historical
269130.4061291447,historical
224977.15810146404,historical
291431.5975751248,historical
314941.31975235627,historical
227141.6978213198,historical
187846.13159018455,historical
432381.1144442543,historical
307270.92549466144,historical
240890.99881563356,historical
463146.81955264,historical
362649.0397970472,historical
574192.8310610327,historical
280444.9973100329,historical
302835.36824427085,historical
478589.74377104896,historical
429924.3134890461,historical
339222.7237296642,historical
356600.0930873622,historical
252648.82571409512,historical
411115.0617840232,historical
320954.7005981935,historical
280827.27667612466,historical
284979.90601596265,historical
308078.2532292162,historical
275900.2701005251,historical
303379.1201878772,historical
327018.1899221012,historical
239914.9329434803,historical
373360.8566510948,historical
371304.4860277311,historical
196285.39324547743,historical
359612.9858534577,historical
442649.3121342455,historical
339400.5592626308,historical
209554.53248478984,historical
298013.58508876944,historical
422599.5705810164,historical
410053.4585351117,historical
398973.09375401953,historical
181409.07270437584,historical
260611.598439658,historical
213203.4218750512,historical
230503.67885657505,historical
340679.1261773535,historical
344655.2828114373,historical
476468.78685208526,historical
302015.33001789835,historical
441950.7051999698,historical
525856.0971033211,historical
312598.14838681684,historical
376413.6354994169,historical
290410.2968449263,historical
331916.49578879337,historical
242811.11090393,historical
394653.2585476617,historical
309033.7811483898,historical
283186.6466392353,historical
360076.8841791507,historical
462320.9152946143,historical
314898.7824062843,historical
315058.51549185213,historical
242151.6706828448,historical
250710.30591148484,historical
341007.7087349443,historical
319269.1606244288,historical
306879.8685645173,historical
291168.0118087278,historical
332503.1999131436,historical
281997.4199831084,historical
194778.41836792388,historical
282381.7276103612,historical
339845.9173035108,historical
226556.9296490899,historical
488953.8081044649,historical
290713.01048348827,historical
367989.63745527255,historical
261803.62770931484,historical
263986.72503608285,historical
287858.8117828758,parametric
148357.8393014709,parametric
282043.071032484,parametric
214169.63870178376,parametric
368004.8437082034,parametric
348856.2755271851,parametric
356438.4948572505,parametric
398618.8212621069,parametric
220530.31311367135,parametric
427751.6972821526,parametric
476401.57405265525,parametric
240680.8419503045,parametric
249154.6372469456,parametric
310447.9236922365,parametric
337431.89734137856,parametric
171567.43836314435,parametric
425024.5412444987,parametric
527686.8677664286,parametric
339446.0130321656,parametric
193688.1927508115,parametric
221205.13414646703,parametric
283534.7553688764,parametric
270866.9389207487,parametric
343887.0143279961,parametric
503007.60902877146,parametric
281946.2385117429,parametric
237941.95892138305,parametric
352544.97087269684,parametric
243012.3673574433,parametric
449546.5489723239,parametric
289620.2445418121,parametric
566923.2290816453,parametric
384057.4141869264,parametric
213599.93912733733,parametric
264075.90370529593,parametric
365945.6422521893,parametric
290374.7637296741,parametric
248668.35526453776,parametric
453455.14708929707,parametric
246990.80754712585,parametric
360064.20209127164,parametric
359664.38947827055,parametric
324298.78941136063,parametric
256701.17669226805,parametric
280044.8241881812,parametric
435821.4425039594,parametric
459055.2063663074,parametric
308095.7652848285,parametric
339081.4595972578,parametric
230246.386584676,parametric
291982.1467105983,parametric
337881.66022279044,parametric
301379.7052167185,parametric
353228.8374444503,parametric
218411.44866590085,parametric
370255.4296499525,parametric
364863.3110977732,parametric
563604.8610571391,parametric
364632.1963337423,parametric
186041.6695764369,parametric
476315.6687937603,parametric
320706.956891926,parametric
343239.1224089853,parametric
330611.84630730643,parametric
235898.7011343128,parametric
371910.8044316761,parametric
458594.9985428301,parametric
281017.1257597892,parametric
246525.8058269196,parametric
375265.9531083688,parametric
430087.5128938912,parametric
221862.4492388519,parametric
180842.56715960856,parametric
309938.0373989736,parametric
187839.50281572796,parametric
209392.7089377429,parametric
299531.8995737314,parametric
279982.79177179246,parametric
396914.7331973549,parametric
248151.26880205487,parametric
208193.96117158487,parametric
278378.9737224567,parametric
277874.98126654327,parametric
389069.4734189108,parametric
265855.29802793346,parametric
551797.3355516858,parametric
313417.03257147013,parametric
292130.103775732,parametric
312691.1916062698,parametric
146982.07363053077,parametric
317977.08607669943,parametric
504150.7908164097,parametric
397534.32042023656,parametric
391672.6035525467,parametric
496273.29320278537,parametric
574433.5419560124,parametric
312846.0352384082,parametric
284651.66934842325,parametric
247502.0677979481,parametric
285101.84357048967,parametric
334291.5387703135,parametric
377992.5327428197,parametric
572498.7835559283,parametric
374165.9110849369,parametric
385462.2523694989,parametric
415197.786729397,parametric
291343.425710012,parametric
375941.0029005492,parametric
294662.2412288932,parametric
261990.9625861441,parametric
347825.0959115983,parametric
223235.04049326232,parametric
294278.0719632472,parametric
162671.60477751604,parametric
318959.07204311073,parametric
301329.40162207815,parametric
256074.08776655144,parametric
349226.267947308,parametric
264705.00756567274,parametric
316708.90558258333,parametric
270765.576636668,parametric
146457.44362680832,parametric
605775.8586096148,parametric
415758.1874063087,parametric
332125.5364742494,parametric
581587.1052892286,parametric
229377.5032516285,parametric
492429.7832905077,parametric
325705.35904216225,parametric
352680.3211978157,parametric
287966.9506825526,parametric
443311.9913305539,parametric
341339.6006410239,parametric
317047.7215894446,parametric
370767.4240358191,parametric
238059.96624820324,parametric
523610.0845981608,parametric
375201.94256135006,parametric
237335.91633799727,parametric
312222.75163918186,parametric
254326.11974312665,parametric
504233.8501792999,parametric
329541.9391112704,parametric
353862.4567315637,parametric
289251.1452333205,parametric
186591.28546185605,parametric
253241.7288584812,parametric
378474.3078054823,parametric
177070.41538032933,parametric
256796.45415224988,parametric
179646.53586693853,parametric
309708.8485716356,parametric
317491.99079589965,parametric
423166.7081042656,parametric
214174.9151125877,parametric
286926.3782058641,parametric
314551.5284027675,parametric
366162.5584368469,parametric
305770.3550679902,parametric
281706.3176811832,parametric
387991.0891504118,parametric
321888.5851704883,parametric
476709.9144484395,parametric
330912.2118924018,parametric
372484.0881148225,parametric
360660.4078292168,parametric
211745.04720477277,parametric
225649.5397820601,parametric
221502.7786620508,parametric
145798.8265094294,parametric
229199.88231172788,parametric
463657.5123827228,parametric
399137.3359986904,parametric
377486.4807893373,parametric
245394.3304227852,parametric
443552.0293094429,parametric
243611.7652763253,parametric
287219.6616814073,parametric
254775.73795251423,parametric
361324.3874152536,parametric
267917.1882525125,parametric
227958.86078357795,parametric
298180.6151982003,parametric
186040.57753085747,parametric
302437.44918232615,parametric
314681.2873940578,parametric
250853.8986244897,parametric
309126.5907350937,parametric
226530.3716516752,parametric
192936.5354209597,parametric
243850.34439080683,parametric
445839.1670016542,parametric
329488.36901110923,parametric
377205.7404011562,parametric
355874.84173551365,parametric
290191.96573701984,parametric
558783.8339084659,parametric
331048.495615854,parametric
283795.8857727161,parametric
296394.2854672661,parametric
429815.97091517225,parametric
311129.4443390727,parametric
206694.4611336719,parametric
227084.84884721856,parametric
239782.75738587705,parametric
313843.9574609965,parametric
271888.1800658453,parametric
237156.48861289545,parametric
278727.4174097391,parametric
208264.99677669985,parametric
277467.63328634365,parametric
262414.7264126291,parametric
271270.2504452708,parametric
419373.9268457641,parametric
182480.7105729727,parametric
311507.65815397014,parametric
392921.4985467222,parametric
242729.3417223983,parametric
255685.50660324888,parametric
220659.6310179668,parametric
204758.25486920404,parametric
224031.6760061764,parametric
290733.353783848,parametric
208670.2133154993,parametric
186536.61482337036,parametric
346721.65775221895,parametric
256307.75241262195,parametric
420483.9167644477,parametric
681470.1822732368,parametric
350996.34239420854,parametric
320515.2452872539,parametric
308393.20643511554,parametric
242120.8552941469,parametric
385353.8534294861,parametric
364968.840686727,parametric
297546.57004289853,parametric
277999.33784558554,parametric
385793.233359629,parametric
424092.8180434296,parametric
342334.62214196,parametric
318577.69164714235,parametric
384534.69296675886,parametric
420909.3164452389,parametric
326317.77406359365,parametric
284921.9489193676,parametric
263077.41456254805,parametric
429292.0750787025,parametric
229414.9175881807,parametric
392354.8631756301,parametric
239990.3010690781,parametric
398788.9306890879,parametric
429480.267683034,parametric
377126.8811233259,parametric
247399.4861694991,parametric
365252.7103653352,parametric
288504.9607581042,parametric
575588.2583775421,parametric
280644.42782474216,parametric
455200.9671683392,parametric
326663.7525722081,parametric
371491.7421765532,parametric
219398.14016577785,parametric
275487.62139328494,parametric
351079.59326842125,parametric
394087.0804364014,parametric
758352.5937283989,parametric
278499.9831615459,parametric
215082.5789788767,parametric
296581.27871840337,parametric
325524.04731649056,parametric
240660.7359929477,parametric
390989.69467221096,parametric
347428.77912208904,parametric
185853.10213649384,parametric
557177.4512270502,parametric
209072.17307848955,parametric
234379.95305397097,parametric
299910.8927438528,parametric
305111.22646667867,parametric
339091.63478176773,parametric
362088.2070606412,parametric
318437.17009426525,parametric
531624.2404855175,parametric
237679.84069589665,parametric
382379.7523964701,parametric
229184.49035284756,parametric
315264.4561781084,parametric
312731.2989414832,parametric
270307.2402262084,parametric
332109.2229818365,parametric
377273.4433633442,parametric
350638.6920432377,parametric
211674.20736350695,parametric
397318.0009703683,parametric
291345.8194871803,parametric
355274.7276708969,parametric
388479.7692271002,parametric
207615.0477333786,parametric
219043.65227481333,parametric
438357.0982669552,parametric
338785.0410598561,parametric
223296.32214664828,parametric
566823.7214955386,parametric
260837.89433760027,parametric
281202.2351178828,parametric
212518.17421561672,parametric
386935.7542005652,parametric
255892.80555035124,parametric
262129.54640663083,parametric
279834.0071139693,parametric
378932.69444549095,parametric
328265.0836295823,parametric
336436.3776542557,parametric
279736.49642351514,parametric
360601.20538562734,parametric
439277.9444473076,parametric
344988.41290676635,parametric
393959.74687188346,parametric
265355.78617655043,parametric
166482.81644472745,parametric
443498.6205128064,parametric
505031.3673287075,parametric
289949.0645404909,parametric
155623.1861275961,parametric
260236.82632935708,parametric
262858.97612430406,parametric
281037.3264231337,parametric
311178.1653729593,parametric
324397.9385052918,parametric
274559.31772906176,parametric
409919.8011067585,parametric
316045.9509560143,parametric
444507.861850692,parametric
199892.7861821889,parametric
291106.5777311509,parametric
478806.9702352641,parametric
341472.52659480675,parametric
252877.0481287051,parametric
327345.4339180829,parametric
242646.82705015512,parametric
296191.0922336806,parametric
590509.6546424662,parametric
320614.7518958899,parametric
480579.4359451055,parametric
267977.8150243443,parametric
289556.6148335039,parametric
281015.487278748,parametric
240883.43042842965,parametric
410041.0126463828,parametric
301909.39475220616,parametric
277663.39342048933,parametric
412429.47936500097,parametric
465719.4038961706,parametric
345390.29048071185,parametric
308245.5444619503,parametric
211964.39792441257,parametric
318410.9752022771,parametric
370290.71436601726,parametric
298132.27313651075,parametric
213804.4994880381,parametric
324962.9141503395,parametric
314268.23098196764,parametric
157328.85995398043,parametric
376997.6642391867,parametric
265519.40594116435,parametric
240952.023650042,parametric
418663.74001400085,parametric
350131.2386686296,parametric
279915.8636735036,parametric
307364.50484123616,parametric
690022.5200640768,parametric
373871.1911298196,parametric
415995.71129445056,parametric
354727.2616376996,parametric
367579.2950791605,parametric
279697.5896169319,parametric
186550.66695203903,parametric
276229.8581840551,parametric
378235.7668935401,parametric
234591.20569142912,parametric
393012.34761670366,parametric
315453.25948711706,parametric
218579.9665541699,parametric
303955.42982723983,parametric
283424.0542884147,parametric
264696.21733512526,parametric
254606.66366872293,parametric
195828.6226559904,parametric
268903.1548374409,parametric
234677.80189715288,parametric
440965.12743801606,parametric
255218.71917096007,parametric
396850.4465999461,parametric
214909.61182202963,parametric
366147.8550960307,parametric
410687.278938533,parametric
329978.5419829442,parametric
179431.2853714479,parametric
266804.5048634168,parametric
341822.2378742172,parametric
265244.17978298804,parametric
202270.1621046868,parametric
392254.5027230424,parametric
414379.50305391673,parametric
319002.6124795582,parametric
529141.9087985059,parametric
266910.1378012657,parametric
397861.8483034552,parametric
337872.4485928838,parametric
400954.9095754034,parametric
200376.3518452568,parametric
426095.6022820757,parametric
286091.9917850246,parametric
312072.0344820163,parametric
229919.5772570808,parametric
402901.98564537166,parametric
282337.18985390663,parametric
402697.2820330191,parametric
325096.20906847774,parametric
256085.1741940344,parametric
193372.3928747764,parametric
300389.4025541004,parametric
423901.9132376776,parametric
365054.6827482084,parametric
456392.4654098119,parametric
293136.1156905006,parametric
235960.5759189203,parametric
333503.88940542314,parametric
270597.91641126,parametric
464794.8825685403,parametric
195656.65473507185,parametric
233295.8461202979,parametric
260039.5689141831,parametric
475844.336501134,parametric
416936.76683386246,parametric
303048.762771472,parametric
374876.9371398839,parametric
303904.9461595731,parametric
379054.6272608133,parametric
239350.86751718936,parametric
390145.6857074759,parametric
251388.7774461946,parametric
300872.50780438364,parametric
134128.91789016503,parametric
224541.05019639016,parametric
359325.8813218869,parametric
366560.43404500745,parametric
220964.91645739903,parametric
286150.0979093119,parametric
334516.9280143916,parametric
395752.9382289285,parametric
408575.09843276034,parametric
464574.2932748351,parametric
261685.30750604245,parametric
256085.073061302,parametric
272462.36447505315,parametric
491757.37733066577,parametric
296850.4683619456,parametric
321597.65910157934,parametric
359146.94963380095,parametric
318651.25756469247,parametric
377210.2830670609,parametric
280804.55456223723,parametric
260298.64879665777,parametric
407921.0648675476,parametric
274399.7369444397,parametric
286363.931699788,parametric
351126.7173024,parametric
247694.9519848384,parametric
253822.37623776525,parametric
302948.58127628284,parametric
487262.12038068153,parametric
229851.05431249837,parametric
258288.131261501,parametric
288249.201493174,parametric
335644.83396804985,parametric
347841.8125368449,parametric
348333.9169775813,parametric
434170.88985796337,parametric
232271.8504061121,parametric
431959.8399317125,parametric
329591.0283022162,parametric
287191.6194079725,parametric
302859.3662093753,parametric
262794.56801261334,parametric
231109.9137813725,parametric
282658.0660710982,parametric
309449.8668684586,parametric
366498.4231462123,parametric
297407.14751783194,parametric
441962.054083445,parametric
398166.2442791002,parametric
304673.19353690447,parametric
364307.31421109807,parametric
461252.18056826666,parametric
326457.1231668696,parametric
308415.63410318753,parametric
213038.9057605905,parametric
258114.71632060505,parametric
226470.47610112195,parametric
370569.9361478949,parametric
235666.92466109476,parametric
227689.7601317148,parametric
415791.8208358513,parametric
236526.26975271016,parametric
379779.8926615055,parametric
377952.3200112238,parametric
421054.7197766551,parametric
279978.7877367097,parametric
273092.2145516544,parametric
287012.867823019,parametric
267933.69919432583,parametric
324709.5329885505,parametric
285995.65800391394,parametric
280093.12267638714,parametric
362576.0106851738,parametric
364339.5104826937,parametric
319496.0408847873,parametric
321389.94332862395,parametric
349711.10540525976,parametric
259948.4912198872,parametric
467966.4222068691,parametric
382651.4499467122,parametric
320779.6772681318,parametric
268332.251459042,parametric
369222.5861745464,parametric
297986.2115765341,parametric
413628.9481820738,parametric
211944.3450984685,parametric
363907.3282285403,parametric
253844.67555428203,parametric
330891.5955072227,parametric
232471.60284456948,parametric
622733.1325026106,parametric
346025.1758962434,parametric
347721.5584867645,parametric
314767.6698274797,parametric
260285.9907328733,parametric
176985.83408004275,parametric
193533.1222098313,parametric
414652.89186888834,parametric
308633.70144721726,parametric
275351.511563241,parametric
435474.568368167,parametric
181736.60333242585,parametric
258927.9062197148,parametric
224980.0377454381,parametric
228898.80169304743,parametric
285965.02249008534,parametric
418312.8447755498,parametric
290508.8682382466,parametric
287646.23372474284,parametric
362206.6630878584,parametric
389223.5587578637,parametric
451772.7801411075,parametric
198862.6258446393,parametric
243720.717398118,parametric
248089.0314597352,parametric
239002.77642108683,parametric
314314.9071943391,parametric
311521.6365722649,parametric
306659.11439117073,parametric
342023.65528683166,parametric
407752.545498238,parametric
542166.9862488961,parametric
203302.34535199677,parametric
295674.0011125772,parametric
231158.1802418848,parametric
305700.0336005034,parametric
459989.7633437013,parametric
242420.62275083092,parametric
199966.0854854176,parametric
286214.39565532113,parametric
276677.0171092146,parametric
471155.9532394201,parametric
307595.64875096164,parametric
303651.5199107272,parametric
144572.98392019738,parametric
284446.8879576917,parametric
458758.2732674279,parametric
312329.09413857886,parametric
350462.178936774,parametric
341372.9531859559,parametric
458930.04552605934,parametric
419372.4143189726,parametric
260027.653936376,parametric
380132.6325833493,parametric
436387.7239149632,parametric
461961.9415535643,parametric
360362.8244445103,parametric
470925.9521318582,parametric
413131.9884407274,parametric
496863.4014463095,parametric
562665.379457172,parametric
413110.0442533276,parametric
446804.3253758667,parametric
236718.19391651807,parametric
481655.5627260051,parametric
194653.6730059661,parametric
339041.8797373806,parametric
240608.51447728823,parametric
382009.912064856,parametric
232052.8518018906,parametric
516269.0231214279,parametric
465991.5095627647,parametric
404215.9245502231,parametric
155334.8721811646,parametric
335578.10690049455,parametric
347092.5835727063,parametric
300610.6993112816,parametric
287938.89999764296,parametric
410116.1634334937,parametric
275567.9309268273,parametric
503489.7658249907,parametric
268851.74459509115,parametric
344250.8630957586,parametric
393151.7256124397,parametric
530503.8334459093,parametric
339699.5200712468,parametric
398367.1744197323,parametric
327084.75205915346,parametric
295147.7225318803,parametric
200141.9873516923,parametric
421566.9753371042,parametric
232712.22893320912,parametric
269440.71336966864,parametric
399228.3265475479,parametric
257096.275850445,parametric
305334.49281935964,parametric
421821.3068005603,parametric
301006.2139623353,parametric
258215.77583855807,parametric
208885.65915137983,parametric
291943.5326823092,parametric
425673.7571115564,parametric
424950.13160785247,parametric
309542.1663979474,parametric
225190.0154329769,parametric
228531.1324319243,parametric
396120.964062089,parametric
304124.4003629059,parametric
198210.00632575405,parametric
232160.56329084176,parametric
233781.8794012191,parametric
399788.83052487567,parametric
243586.763047052,parametric
453818.1206375969,parametric
318158.8314100521,parametric
308412.81186356617,parametric
516981.9239849548,parametric
315907.7676808367,parametric
211690.8769238254,parametric
365694.8966317997,parametric
160249.56213033604,parametric
289980.0285920113,parametric
246210.6891840943,parametric
207387.01921209187,parametric
340554.6735268581,parametric
362926.16687224514,parametric
383994.1775807093,parametric
440777.2968674603,parametric
339853.9232937244,parametric
326217.1762817119,parametric
548656.621649672,parametric
209602.470460116,parametric
345299.06391205965,parametric
465314.8127973453,parametric
296202.5247962648,parametric
318883.70967702795,parametric
447641.1487169544,parametric
361748.2802094133,parametric
254990.35455076004,parametric
251525.34473549505,parametric
188685.1333838835,parametric
281250.7674788477,parametric
408647.1677973599,parametric
519663.44387652894,parametric
386370.1782614057,parametric
174946.9685734472,parametric
396266.87901851226,parametric
343202.7057544752,parametric
342547.5866615002,parametric
346300.5010207089,parametric
417260.1605560611,parametric
376433.1226327471,parametric
412800.9520590805,parametric
328338.9715486287,parametric
295561.6842131071,parametric
177063.00038354273,parametric
194017.76403594503,parametric
251260.2658906756,parametric
294935.2987654633,parametric
297140.0375862957,parametric
377696.0568238411,parametric
243042.80438593696,parametric
435067.902543054,parametric
439261.7790045932,parametric
212187.48581105555,parametric
356693.765207806,parametric
396312.0101051164,parametric
449790.1366513655,parametric
471970.17462909175,parametric
345304.892864963,parametric
277557.60824665107,parametric
286440.4295052475,parametric
271162.7188129598,parametric
394789.2254899441,parametric
372342.7555247816,parametric
323517.4567713858,parametric
351090.7432642863,parametric
157517.40671961382,parametric
430319.58673258434,parametric
285486.3626063781,parametric
199095.99501295984,parametric
299058.77814179054,parametric
494170.7709557909,parametric
346003.48382768367,parametric
280693.36137846054,parametric
324068.731723986,parametric
203432.22680945127,parametric
376062.61999936384,parametric
429271.8805501016,parametric
198045.09709856624,parametric
241831.0191972031,parametric
423874.8771342755,parametric
292550.17727004096,parametric
470035.8410203013,parametric
228951.4116480471,parametric
281743.5915645545,parametric
313141.4509191492,parametric
211120.5104477381,parametric
293160.5257161766,parametric
312886.3075648498,parametric
394831.4509788228,parametric
255314.48205143935,parametric
322807.0861771235,parametric
346670.15608006815,parametric
420612.1230222952,parametric
155631.02836889288,parametric
463698.9456839784,parametric
267641.10320347163,parametric
396717.4563991526,parametric
372244.9052878112,parametric
330759.34867807856,parametric
309469.0569515087,parametric
213843.00242131093,parametric
224712.9529803019,parametric
237155.6014546773,parametric
429756.63817537646,parametric
357913.4891785965,parametric
337460.31065673166,parametric
313456.13322851993,parametric
173042.73411833966,parametric
304954.5603277489,parametric
370959.1069398889,parametric
478796.2178792736,parametric
407017.3797948064,parametric
357074.232679229,parametric
211231.77297040075,parametric
260418.8352008429,parametric
342146.4562697092,parametric
245648.71900409457,parametric
277909.4434876917,parametric
295560.64854636136,parametric
446861.52847351367,parametric
221952.84196297545,parametric
450350.4602578449,parametric
199194.2411652418,parametric
249357.9137863926,parametric
510435.26747351297,parametric
205625.2079437129,parametric
300012.5846680808,parametric
220977.7686402632,parametric
245974.6098101668,parametric
262998.2717197172,parametric
656737.2707379302,parametric
197395.74368880075,parametric
260382.98575273308,parametric
279775.8252422988,parametric
261464.5685068694,parametric
312911.4167492555,parametric
479005.7493765319,parametric
322641.58777099167,parametric
476283.21591915225,parametric
334895.65278613946,parametric
167265.768521067,parametric
430790.83878162334,parametric
342542.61887139943,parametric
252745.27704727792,parametric
149295.3852601939,parametric
313920.11380380054,parametric
290619.15122573375,parametric
255692.7104625037,parametric
271843.23373759765,parametric
349803.9890504009,parametric
357648.86926150625,parametric
338282.2457530735,parametric
366584.6277279671,parametric
335843.073962431,parametric
258389.00622733604,parametric
461350.7806170684,parametric
223197.93991346093,parametric
217036.71859742605,parametric
262405.3119158764,parametric
298352.71799216705,parametric
328268.4398501416,parametric
271142.65888419823,parametric
486967.56878613663,parametric
316933.51839697524,parametric
403817.98154895456,parametric
343045.9957445705,parametric
286466.8869554832,parametric
296324.31907837844,parametric
315136.6383865657,parametric
559284.0292653426,parametric
182905.8428989001,parametric
248665.84189902592,parametric
329158.2547599833,parametric
312670.52918948693,parametric
365130.4269469993,parametric
345306.98675282643,parametric
447134.661590446,parametric
378394.06550160085,parametric
308866.3848814536,parametric
260299.6161457557,parametric
481101.33483686246,parametric
462608.3027653069,parametric
429809.3490388608,parametric
293466.1885080832,parametric
213053.135771506,parametric
390523.6648632666,parametric
495889.90138581465,parametric
291683.5478878453,parametric
268051.799465078,parametric
224837.97145719343,parametric
398700.3778910005,parametric
227410.2560114716,parametric
343101.865675973,parametric
288390.53931376373,parametric
336114.41137548146,parametric
258390.5944264597,parametric
682309.5389421217,parametric
455588.8209020632,parametric
352508.3271407821,parametric
297398.0624560589,parametric
297651.02009035635,parametric
221025.8828153072,parametric
451832.5356905927,parametric
262755.19604474446,parametric
304157.43989739806,parametric
255083.0210682791,parametric
334864.42883957614,parametric
238235.58130163388,parametric
295996.3151681195,parametric
377886.71905129874,parametric
239496.50846199985,parametric
534278.5628614684,parametric
387972.6778011407,parametric
180311.06997871303,parametric
235308.5261480555,parametric
418117.4668994417,parametric
363276.2178786988,parametric
247500.28083246943,parametric
375596.3881490672,parametric
214813.12566313896,parametric
261663.42724396996,parametric
237317.51148076396,parametric
376939.9623441094,parametric
325968.77237979113,parametric
475438.2622078651,parametric
382932.98873769393,parametric
296199.0048211064,parametric
326889.4318576482,parametric
333696.7390050076,parametric
348665.2148471541,parametric
229168.80962574,parametric
271596.58730779594,parametric
195684.4251336999,parametric
201153.21666118145,parametric
272535.8299418684,parametric
353722.9591045802,parametric
249199.47765516385,parametric
244873.5089318931,parametric
371209.86660451896,parametric
431749.59935365774,parametric
346648.22643199645,parametric
264644.76808757614,parametric
285703.8153657165,parametric
167266.693837407,parametric
255545.40757923268,parametric
385693.2926046502,parametric
309134.1288944244,parametric
282418.7613929261,parametric
398136.3240869768,parametric
450006.79446227616,parametric
215092.1508407337,parametric
436350.01122752426,parametric
288843.0786059084,parametric
248601.3205325954,parametric
308478.3733190012,parametric
454753.9611227604,parametric
251224.535330388,parametric
237382.7962172329,parametric
235807.0923392599,parametric
350322.6805747874,parametric
397908.15452371165,parametric
354515.11253941007,parametric
379945.2586030853,parametric
287954.96133186994,parametric
242401.17616589,parametric
317249.0469283187,parametric
414847.8416026243,parametric
177949.9152555632,parametric
237125.7754850618,parametric
350906.2637396752,parametric
271159.5915954599,parametric
361715.2365293332,parametric
349333.8904873828,parametric
638347.99655581,parametric
319874.86670177313,parametric
370456.4874621168,parametric
316955.023071255,parametric
311891.1850677138,parametric
286109.156186933,parametric
269728.3025355481,parametric
446023.9247074616,parametric
348052.3768852653,parametric
293826.0926080789,parametric
333347.643477054,parametric
196698.62758236035,parametric
258730.52211776417,parametric
312459.0614504093,parametric
254354.5697791836,parametric
304022.3955142359,parametric
396068.6908875518,parametric
391791.6066946696,parametric
227156.29356947792,parametric
293454.64403587946,parametric
318173.4663659502,parametric
242498.0462303534,parametric
337023.11553049926,parametric
353190.6462003135,parametric
382123.51837536745,parametric
413031.6915013658,parametric
255579.2691382744,parametric
449328.9071686074,parametric
333042.6679864556,parametric
458358.0592605336,parametric
308327.949598607,parametric
451997.2676306226,parametric
318521.9107578803,parametric
241026.5141811717,parametric
287852.64985609817,parametric
464506.3946415039,parametric
236843.7456635981,parametric
174620.201225027,parametric
315438.6355242767,parametric
312881.5389604941,parametric
313663.2574905443,parametric
418759.6505766828,parametric
418487.2509873167,parametric
360295.5352780224,parametric
179076.65398342765,parametric
226533.29843973232,parametric
632905.1768527925,parametric
306841.1675206471,parametric
310756.5039178521,parametric
360755.2616862517,parametric
335137.1721373551,parametric
186683.9793466604,parametric
318827.4565407773,parametric
269709.0578868602,parametric
350933.3517689633,parametric
194928.64727510448,parametric
367642.004764209,parametric
315407.81057272054,parametric
225390.6603220394,parametric
386382.3866078578,parametric
387004.1535643629,parametric
216314.7842520881,parametric
349104.07435737835,parametric
190749.03003798984,parametric
162835.85222045056,parametric
372420.23146209575,parametric
268754.0905656373,parametric
383883.89310458914,parametric
491043.99848827353,parametric
383908.4594443826,parametric
260307.3160978082,parametric
213413.23083342356,parametric
348806.6066787646,parametric
362096.32249126217,parametric
369752.7589080339,parametric
389313.6105717488,parametric
587327.2303842304,parametric
312267.2837069967,parametric
464237.9062412368,parametric
822395.6765100195,parametric
244722.07600969268,parametric
340687.21846430947,parametric
326867.4648106303,bootstrap
284247.1850377341,bootstrap
325920.9220641986,bootstrap
330153.4181994976,bootstrap
298552.737651948,bootstrap
254428.2275138269,bootstrap
374005.0408683344,bootstrap
324507.0930945263,bootstrap
232084.5603959504,bootstrap
352767.8911782727,bootstrap
295803.0745783045,bootstrap
489586.93266868894,bootstrap
418711.98538616864,bootstrap
274512.47729631385,bootstrap
353990.7889055377,bootstrap
303064.1886529311,bootstrap
321785.2247123122,bootstrap
176908.89740876624,bootstrap
302842.8455665594,bootstrap
286352.8841936806,bootstrap
275084.6423557775,bootstrap
281952.5285240426,bootstrap
288994.516275576,bootstrap
209573.6950637125,bootstrap
346189.1383869811,bootstrap
378448.5480711013,bootstrap
388847.4078555904,bootstrap
287910.36126709875,bootstrap
253090.33271283255,bootstrap
274355.5477852448,bootstrap
277987.7422365225,bootstrap
571562.3438288299,bootstrap
460631.2550104353,bootstrap
292807.6238363942,bootstrap
375479.101953782,bootstrap
333168.1057542415,bootstrap
332730.9759376791,bootstrap
249844.0224389856,bootstrap
249939.7292176655,bootstrap
321479.1261777279,bootstrap
230455.6414335052,bootstrap
449493.5849000064,bootstrap
227359.25411272116,bootstrap
402142.7703393593,bootstrap
238143.92918878,bootstrap
243027.4154946614,bootstrap
343146.9109510541,bootstrap
208127.03455043916,bootstrap
300272.22540775413,bootstrap
255561.56382044693,bootstrap
378576.46732204186,bootstrap
276262.4169434891,bootstrap
235829.12692152036,bootstrap
255223.64309787052,bootstrap
379303.4415066328,bootstrap
268804.3482692933,bootstrap
185780.00930958468,bootstrap
250676.96694423092,bootstrap
257528.33721017223,bootstrap
398635.65104431525,bootstrap
242987.4492847212,bootstrap
282343.0186505882,bootstrap
319381.2960994699,bootstrap
269587.1956730589,bootstrap
245089.71504712256,bootstrap
379374.4786585861,bootstrap
370749.6772981715,bootstrap
201660.58950965956,bootstrap
419239.73213540507,bootstrap
291766.4977463151,bootstrap
444384.0242599484,bootstrap
314025.14463733137,bootstrap
274627.00527235365,bootstrap
321146.00194358267,bootstrap
194893.8985794131,bootstrap
194961.3950990997,bootstrap
199421.37951302985,bootstrap
245250.18887294715,bootstrap
425354.6873158835,bootstrap
320974.63132171804,bootstrap
253168.87242403263,bootstrap
290334.4673923037,bootstrap
391363.65311237896,bootstrap
288956.08779721527,bootstrap
251392.93357879328,bootstrap
358111.60699974524,bootstrap
280463.565722975,bootstrap
259942.48502701943,bootstrap
393484.38399483176,bootstrap
224789.40149532488,bootstrap
245616.18573261588,bootstrap
185600.17526711995,bootstrap
385712.84833529184,bootstrap
157359.4247962533,bootstrap
398476.4599600507,bootstrap
297657.39063678944,bootstrap
318116.9401963616,bootstrap
347861.1581676307,bootstrap
152607.6344371148,bootstrap
286727.20311743766,bootstrap
229060.85893478844,bootstrap
366763.93927357503,bootstrap
348718.3123987238,bootstrap
295148.0882344551,bootstrap
363137.7599840381,bootstrap
257586.3819964164,bootstrap
204215.99927320844,bootstrap
203594.68367282467,bootstrap
223845.22276753455,bootstrap
397834.15788728994,bootstrap
237645.7574548385,bootstrap
288124.19073283573,bootstrap
590664.9310355661,bootstrap
183807.1750594932,bootstrap
357529.1915883777,bootstrap
169514.05205235776,bootstrap
251862.3583702985,bootstrap
262351.9394391407,bootstrap
218643.1919032776,bootstrap
570592.4945249184,bootstrap
238859.1209689351,bootstrap
221339.3671599869,bootstrap
361605.8058849606,bootstrap
248936.20844710048,bootstrap
277216.5323348275,bootstrap
280456.5987455507,bootstrap
302004.5867966806,bootstrap
461514.6236695423,bootstrap
214400.3612156704,bootstrap
336927.8545281943,bootstrap
367198.1154973861,bootstrap
339767.6111682474,bootstrap
298982.7133415225,bootstrap
222865.62316003797,bootstrap
401055.8325384031,bootstrap
264646.310180549,bootstrap
490868.3050562492,bootstrap
300370.5088649844,bootstrap
207453.325296304,bootstrap
493069.2106981183,bootstrap
312471.0237138507,bootstrap
369691.9278824298,bootstrap
331281.8555244468,bootstrap
213515.2910365295,bootstrap
337344.69256883604,bootstrap
267114.44619296124,bootstrap
325493.7032936959,bootstrap
221896.23590989807,bootstrap
256786.11047626275,bootstrap
327415.3825308505,bootstrap
377851.25617568527,bootstrap
333784.324604327,bootstrap
255350.38149933485,bootstrap
420977.9735208596,bootstrap
274908.2559924989,bootstrap
367621.9254827107,bootstrap
218811.59249850275,bootstrap
230233.9101082977,bootstrap
254172.45906285392,bootstrap
318030.0405449025,bootstrap
265066.36586686736,bootstrap
302557.9237595409,bootstrap
232260.0124458353,bootstrap
325628.1751744168,bootstrap
328042.35403004184,bootstrap
317108.13934112,bootstrap
284955.1326509109,bootstrap
288820.789951564,bootstrap
393091.8178128462,bootstrap
407970.4531508728,bootstrap
212640.89324354497,bootstrap
283101.135300625,bootstrap
299899.94017758616,bootstrap
209216.9679431134,bootstrap
341680.8072087204,bootstrap
465032.9862053591,bootstrap
372555.1839115516,bootstrap
264759.8912359275,bootstrap
351914.75766434625,bootstrap
287363.1989888833,bootstrap
374369.3030632773,bootstrap
315309.8317947757,bootstrap
293566.63315119705,bootstrap
231437.43494310664,bootstrap
309621.0595486828,bootstrap
199620.0641160641,bootstrap
317375.8673041968,bootstrap
286975.9291389848,bootstrap
288161.0493254057,bootstrap
418396.1729496298,bootstrap
258432.67610816527,bootstrap
308817.0518233969,bootstrap
308245.1344086679,bootstrap
301125.2307338242,bootstrap
337064.3019612609,bootstrap
176064.1319231253,bootstrap
352037.660146395,bootstrap
339920.40068613284,bootstrap
405495.5939077706,bootstrap
268174.3086722412,bootstrap
457800.3890234408,bootstrap
283781.0095143503,bootstrap
298677.5464409857,bootstrap
165741.69054744544,bootstrap
275812.0308648423,bootstrap
221100.92566629255,bootstrap
273010.2921189701,bootstrap
324511.31032116606,bootstrap
284053.2699298768,bootstrap
238500.30300990804,bootstrap
221928.29982965923,bootstrap
283073.2561382069,bootstrap
267649.13461407146,bootstrap
222798.05233604493,bootstrap
263836.29969197087,bootstrap
289343.15495560964,bootstrap
261000.9931833108,bootstrap
303179.9526129634,bootstrap
484545.77267074346,bootstrap
258637.8859110998,bootstrap
315891.28185792785,bootstrap
248011.32017152195,bootstrap
251246.1774328188,bootstrap
359456.554926694,bootstrap
436240.5731403741,bootstrap
322267.5673885702,bootstrap
200894.83208871423,bootstrap
346743.23857977206,bootstrap
319870.2753157819,bootstrap
256187.83412038736,bootstrap
415762.6827619379,bootstrap
380501.56566418806,bootstrap
228001.31902690863,bootstrap
435332.0888948232,bootstrap
343607.04720601253,bootstrap
259845.16813442128,bootstrap
315293.2525547396,bootstrap
296238.9255001795,bootstrap
343576.4808098928,bootstrap
254124.11593459744,bootstrap
187879.49291619085,bootstrap
254806.1542524524,bootstrap
314650.20806347305,bootstrap
287999.26532619714,bootstrap
208626.4862202818,bootstrap
277427.9667506781,bootstrap
248782.5143933802,bootstrap
310899.502976223,bootstrap
333967.6812631875,bootstrap
586245.2190504707,bootstrap
301357.2658988225,bootstrap
259050.71903716735,bootstrap
320823.6607503745,bootstrap
340084.7359324305,bootstrap
306352.91064565314,bootstrap
239284.7183046228,bootstrap
210952.90661810825,bootstrap
291875.5425799787,bootstrap
154272.77040863165,bootstrap
225546.6538283542,bootstrap
251258.28113676145,bootstrap
401856.9791989196,bootstrap
281877.40152223257,bootstrap
198552.09438819467,bootstrap
385958.8527935707,bootstrap
298401.4559327672,bootstrap
531076.3390981103,bootstrap
184702.0336377745,bootstrap
313197.1310732353,bootstrap
408275.7516663817,bootstrap
240051.91447356285,bootstrap
252454.92584698347,bootstrap
241218.75660666692,bootstrap
280777.4035360559,bootstrap
289518.5926045523,bootstrap
244988.0078491736,bootstrap
381542.1691589265,bootstrap
419050.1734836948,bootstrap
422935.0240487971,bootstrap
196281.33885166995,bootstrap
249666.5107648104,bootstrap
296926.2630301876,bootstrap
363095.397542544,bootstrap
240232.80880151864,bootstrap
269285.4842907636,bootstrap
329355.10738476075,bootstrap
298890.0201467334,bootstrap
187541.7332540328,bootstrap
293933.36912734533,bootstrap
412563.69518048776,bootstrap
410313.4041313557,bootstrap
344148.5438508975,bootstrap
314932.29618061,bootstrap
246703.03205129484,bootstrap
240777.7005239069,bootstrap
422888.5428003787,bootstrap
432336.7231943838,bootstrap
323755.5611724697,bootstrap
415685.79644413566,bootstrap
331884.3579384554,bootstrap
308988.5484384546,bootstrap
360613.2134110911,bootstrap
400873.9856630296,bootstrap
234044.9006626714,bootstrap
310908.8466984714,bootstrap
503915.34763042553,bootstrap
223782.95699972872,bootstrap
392168.7703814337,bootstrap
472896.9459352553,bootstrap
311016.3430969985,bootstrap
238781.02920306352,bootstrap
366919.153797118,bootstrap
340546.06825151504,bootstrap
216919.71761783736,bootstrap
252397.39145171613,bootstrap
298160.80948811804,bootstrap
356610.61770739424,bootstrap
437745.5754902664,bootstrap
260406.64669319164,bootstrap
319333.3854754729,bootstrap
186256.73447312508,bootstrap
226791.1464863461,bootstrap
313458.04987340566,bootstrap
220541.25034263788,bootstrap
515390.096850464,bootstrap
277146.85100749927,bootstrap
289076.62874827115,bootstrap
368126.8608552649,bootstrap
298764.1730603769,bootstrap
347101.90120217856,bootstrap
287597.2848298262,bootstrap
250978.8548888756,bootstrap
245775.5624975507,bootstrap
205969.9601322515,bootstrap
359403.7985399718,bootstrap
289780.6835761283,bootstrap
167349.61792193528,bootstrap
310689.672299336,bootstrap
326032.40522484167,bootstrap
301897.2328827137,bootstrap
432057.2567057622,bootstrap
365311.0594550588,bootstrap
316672.3698341975,bootstrap
217523.2112250288,bootstrap
245264.6424916412,bootstrap
319647.1880653795,bootstrap
288219.0333742051,bootstrap
242694.83151443687,bootstrap
203264.016459655,bootstrap
243604.27827551035,bootstrap
311709.4032891041,bootstrap
305511.73842365696,bootstrap
301935.49368517613,bootstrap
326832.55388121825,bootstrap
225378.81375332896,bootstrap
377336.7905235888,bootstrap
265615.1218813057,bootstrap
262861.39770186145,bootstrap
267835.73114318284,bootstrap
197823.192348702,bootstrap
343203.3032431991,bootstrap
287620.2049292358,bootstrap
389985.9845528471,bootstrap
236925.12708745568,bootstrap
383963.7214977474,bootstrap
359973.86800129886,bootstrap
282648.1408444585,bootstrap
325493.21699300694,bootstrap
309073.13575609296,bootstrap
432506.9118761564,bootstrap
244162.8828365534,bootstrap
271659.6162048453,bootstrap
443601.0357396436,bootstrap
292553.9685598555,bootstrap
382091.12775692216,bootstrap
311784.6848637606,bootstrap
417594.9361815687,bootstrap
309757.1217168174,bootstrap
284848.9417174789,bootstrap
182826.64192593325,bootstrap
322104.3889750926,bootstrap
307717.81337006827,bootstrap
327973.1686675699,bootstrap
314349.5889665182,bootstrap
317441.61699563335,bootstrap
340764.2748957298,bootstrap
251699.2301612504,bootstrap
357974.8167512425,bootstrap
330905.0408973969,bootstrap
248748.35423401292,bootstrap
284056.6912173714,bootstrap
272334.92209908407,bootstrap
370192.8117384951,bootstrap
355179.3104976897,bootstrap
289421.3266795672,bootstrap
255304.79825338395,bootstrap
345754.39685918187,bootstrap
234693.3654564078,bootstrap
282128.7908241088,bootstrap
275814.8896522468,bootstrap
266552.02563874575,bootstrap
272558.789243045,bootstrap
350152.38545533497,bootstrap
288559.4050791024,bootstrap
346469.3844878489,bootstrap
363109.6962679736,bootstrap
385372.1518316472,bootstrap
526258.0309762647,bootstrap
411704.1805295066,bootstrap
267659.4777366412,bootstrap
221839.45257350703,bootstrap
427629.0716219922,bootstrap
318209.22907211765,bootstrap
250556.99876969252,bootstrap
255693.9103521477,bootstrap
320978.0395202172,bootstrap
327774.18421518727,bootstrap
234690.32043824947,bootstrap
271616.0490053179,bootstrap
366001.1654588405,bootstrap
346373.87131540925,bootstrap
280644.25738484605,bootstrap
264814.202401336,bootstrap
278895.6602563536,bootstrap
316021.55731695355,bootstrap
171998.91499002333,bootstrap
449231.2379126154,bootstrap
233979.242837925,bootstrap
302583.62944437435,bootstrap
248302.3975406369,bootstrap
265149.3597495481,bootstrap
234596.3225517651,bootstrap
279436.7466461507,bootstrap
347735.83590426407,bootstrap
226162.7185115572,bootstrap
244494.02994920165,bootstrap
321709.30518817686,bootstrap
329572.5433286512,bootstrap
249698.77560095792,bootstrap
257655.93714681047,bootstrap
155586.22710416964,bootstrap
217884.9118206588,bootstrap
339518.6604566951,bootstrap
418022.7549113514,bootstrap
363989.28068152536,bootstrap
325043.69963094,bootstrap
300147.7104845804,bootstrap
239198.80821899403,bootstrap
314126.5044783215,bootstrap
256613.0724375599,bootstrap
599700.9327916192,bootstrap
304677.7908816625,bootstrap
307036.9236132354,bootstrap
320260.72393818566,bootstrap
241926.2674637631,bootstrap
383315.791013585,bootstrap
478992.98334539,bootstrap
381283.37271677377,bootstrap
316859.42430669244,bootstrap
352574.4637815724,bootstrap
245156.0158956733,bootstrap
540609.1700335249,bootstrap
366716.51260188624,bootstrap
350941.654985104,bootstrap
221279.0013955296,bootstrap
373988.1521861507,bootstrap
424224.431356521,bootstrap
372406.4857495819,bootstrap
433655.4889795425,bootstrap
330783.2745682456,bootstrap
291463.853135302,bootstrap
256430.50549186775,bootstrap
300650.3939948145,bootstrap
360311.2357598015,bootstrap
380823.3184724855,bootstrap
269256.114945982,bootstrap
362339.08106166095,bootstrap
171594.31354396784,bootstrap
259006.28760947607,bootstrap
249498.1786412006,bootstrap
492085.9040842688,bootstrap
275065.385433442,bootstrap
247555.0069308852,bootstrap
266042.34747771744,bootstrap
262619.1291106386,bootstrap
245605.58024156408,bootstrap
291212.71856878506,bootstrap
315522.5317947288,bootstrap
246964.506747767,bootstrap
236309.816475412,bootstrap
205973.71127597717,bootstrap
326475.60105248383,bootstrap
265436.9209834346,bootstrap
176938.22812079987,bootstrap
309051.2329923797,bootstrap
306012.8402923616,bootstrap
510436.86087542615,bootstrap
252126.7920785971,bootstrap
243135.17481616227,bootstrap
305113.2294532401,bootstrap
313547.2778547762,bootstrap
269800.87564603554,bootstrap
214865.00902136977,bootstrap
202925.3097201353,bootstrap
281650.3265392467,bootstrap
299534.3952676133,bootstrap
312779.1892617354,bootstrap
279715.4669973396,bootstrap
233512.50737536672,bootstrap
306237.5799436231,bootstrap
334864.0830839711,bootstrap
249129.04322757648,bootstrap
269049.96536808385,bootstrap
256278.6341499537,bootstrap
287342.0305829274,bootstrap
262190.8668882458,bootstrap
169714.33468001094,bootstrap
248411.9300926653,bootstrap
240114.89832567144,bootstrap
229556.24227576848,bootstrap
291434.60851705057,bootstrap
251845.22556521877,bootstrap
299096.8082082293,bootstrap
302066.62569842907,bootstrap
256555.53097034263,bootstrap
409375.8330508079,bootstrap
236025.58387908287,bootstrap
330554.4051704582,bootstrap
239420.04218247216,bootstrap
393912.8168721139,bootstrap
256741.9541596525,bootstrap
279469.68949556083,bootstrap
252084.5590233557,bootstrap
261269.8061404845,bootstrap
244373.10510861545,bootstrap
283848.3613861146,bootstrap
275350.8282409045,bootstrap
312698.6499029332,bootstrap
223295.06487189425,bootstrap
404472.3054072754,bootstrap
294201.0019872756,bootstrap
289606.1811362734,bootstrap
302996.72088372183,bootstrap
329721.0785420428,bootstrap
196196.56034619547,bootstrap
328051.89552421775,bootstrap
197600.3564423553,bootstrap
286466.4498552343,bootstrap
261547.94993753813,bootstrap
214297.82328652608,bootstrap
298068.30104500696,bootstrap
366862.5762856458,bootstrap
278337.4614819967,bootstrap
219867.1906526397,bootstrap
363628.26345130015,bootstrap
308440.21227472887,bootstrap
272185.65684751794,bootstrap
321154.8339471052,bootstrap
290412.6824469977,bootstrap
232499.14869270407,bootstrap
299934.8587893725,bootstrap
360769.68647042336,bootstrap
284661.0295447831,bootstrap
229102.06169589105,bootstrap
236921.1153647404,bootstrap
357270.743568927,bootstrap
226510.98211771675,bootstrap
226073.8042299447,bootstrap
307824.4845442341,bootstrap
369114.04531571874,bootstrap
298264.7315033205,bootstrap
324886.845662231,bootstrap
346014.1912459196,bootstrap
418125.6241552114,bootstrap
390510.6235235707,bootstrap
267692.1623881622,bootstrap
391177.09403769847,bootstrap
326157.3186520319,bootstrap
442688.6260866111,bootstrap
290059.38976743864,bootstrap
366760.9781093288,bootstrap
288928.8303556507,bootstrap
294567.3351318544,bootstrap
304458.7104018531,bootstrap
266156.24948596105,bootstrap
409078.19480714,bootstrap
251351.18094960696,bootstrap
318819.1582214591,bootstrap
489281.1054442991,bootstrap
284260.50675016874,bootstrap
307976.3498174704,bootstrap
260684.7746589366,bootstrap
160131.69978863758,bootstrap
214766.82072121088,bootstrap
256366.44053255103,bootstrap
241169.6118315104,bootstrap
227700.13933228355,bootstrap
413294.8946699804,bootstrap
330500.0799886024,bootstrap
262579.34091561043,bootstrap
266626.56244809495,bootstrap
232423.9811539188,bootstrap
221338.0509467872,bootstrap
394983.417072784,bootstrap
271280.24722325784,bootstrap
345622.0879959474,bootstrap
382926.3896448365,bootstrap
230846.9555199704,bootstrap
306127.1712059819,bootstrap
277513.34648288466,bootstrap
268776.8597145066,bootstrap
387006.3101945538,bootstrap
351752.7486458963,bootstrap
362612.0584934459,bootstrap
214704.7663225449,bootstrap
433035.7724338392,bootstrap
280461.22068852454,bootstrap
286488.0155666045,bootstrap
343293.6234873508,bootstrap
283959.13863624306,bootstrap
303994.7201592795,bootstrap
389175.3284541931,bootstrap
274260.18469224154,bootstrap
307363.6094388677,bootstrap
261409.52186289587,bootstrap
345474.51856530725,bootstrap
345550.1707111564,bootstrap
233396.47646822108,bootstrap
171507.5713585968,bootstrap
308577.747405267,bootstrap
240729.07911781143,bootstrap
421274.844180055,bootstrap
236949.28543486615,bootstrap
391504.0297702738,bootstrap
278923.7223210711,bootstrap
289988.71473401936,bootstrap
340079.1026471144,bootstrap
465868.57661207137,bootstrap
282681.43508173217,bootstrap
243180.00939825547,bootstrap
344860.1338462756,bootstrap
314178.08018354274,bootstrap
263638.0454840242,bootstrap
475017.0772888223,bootstrap
378392.4574302844,bootstrap
336583.23097088374,bootstrap
188489.6484558004,bootstrap
260776.1525578184,bootstrap
279680.27695544506,bootstrap
271965.9386929546,bootstrap
274223.80789791414,bootstrap
251406.9861614803,bootstrap
193566.5179475972,bootstrap
372380.5468077069,bootstrap
384943.9671381999,bootstrap
318792.9914734109,bootstrap
214842.73899502537,bootstrap
339537.85127303493,bootstrap
285353.99389376165,bootstrap
182553.96939248036,bootstrap
261971.41063278023,bootstrap
366721.39775348606,bootstrap
342588.39780544123,bootstrap
271557.69637246325,bootstrap
451696.6677846314,bootstrap
359775.3709951543,bootstrap
338299.3886957045,bootstrap
378619.9539113711,bootstrap
272847.77851571614,bootstrap
291426.1133645857,bootstrap
303472.92252398335,bootstrap
214680.373845387,bootstrap
319358.4691913557,bootstrap
258438.1037428673,bootstrap
291692.65507769963,bootstrap
367752.1219155972,bootstrap
280279.7500923007,bootstrap
289328.4698529126,bootstrap
304173.5951638807,bootstrap
300831.787836116,bootstrap
248207.32412697357,bootstrap
349683.87114178453,bootstrap
290099.324714764,bootstrap
325506.5092160536,bootstrap
238617.81058386588,bootstrap
298087.8470758667,bootstrap
232579.2684576616,bootstrap
232721.28694820945,bootstrap
228214.1307173556,bootstrap
432026.9185572059,bootstrap
218011.74924509868,bootstrap
307214.3632582055,bootstrap
288632.1075436486,bootstrap
301568.0819586856,bootstrap
364569.7967628704,bootstrap
200844.6560940348,bootstrap
306126.25769687456,bootstrap
368985.2660109538,bootstrap
202370.68707066812,bootstrap
222898.4872374295,bootstrap
455765.4930532821,bootstrap
241861.56765926068,bootstrap
294358.1996572496,bootstrap
250880.76385642972,bootstrap
254508.77814495275,bootstrap
360303.8663249856,bootstrap
418635.8826437391,bootstrap
271059.37879006384,bootstrap
400010.0837579068,bootstrap
341616.0577387536,bootstrap
328938.0420637044,bootstrap
222151.74528426057,bootstrap
295416.5444759995,bootstrap
172449.59579254678,bootstrap
378399.2528935222,bootstrap
249022.8071309116,bootstrap
424600.0634496161,bootstrap
386934.1246267987,bootstrap
248916.75215180445,bootstrap
255061.59024269617,bootstrap
443083.542337337,bootstrap
307079.2278461157,bootstrap
211086.40901591803,bootstrap
487595.932499346,bootstrap
264703.56197960686,bootstrap
276859.49430946884,bootstrap
272052.2670353576,bootstrap
381356.7505329827,bootstrap
195259.94312737725,bootstrap
256713.41893899543,bootstrap
332357.2510382415,bootstrap
262523.18342068844,bootstrap
424321.8741027279,bootstrap
245137.42296832945,bootstrap
286107.01512659306,bootstrap
232890.94286088808,bootstrap
344104.1707777343,bootstrap
250132.17935023512,bootstrap
374206.9132645696,bootstrap
223752.6306759567,bootstrap
327823.90735216567,bootstrap
436228.4741698651,bootstrap
275935.21071092447,bootstrap
194912.52581263045,bootstrap
277987.3063769677,bootstrap
527239.2282759171,bootstrap
360695.6512957063,bootstrap
491388.2924755614,bootstrap
516419.7530427464,bootstrap
297902.44546981045,bootstrap
304285.8510984062,bootstrap
220258.4456996961,bootstrap
318980.97917417315,bootstrap
305762.67006005003,bootstrap
350095.02286619163,bootstrap
193098.62478775711,bootstrap
357083.9214083246,bootstrap
358781.568324423,bootstrap
244558.24472323057,bootstrap
432500.056898078,bootstrap
170930.2369045604,bootstrap
350142.25356654124,bootstrap
293901.4591712113,bootstrap
171985.70048715867,bootstrap
334759.9931918174,bootstrap
260151.91552023537,bootstrap
616577.9037020497,bootstrap
306493.9673210932,bootstrap
256695.030412302,bootstrap
238866.6162908951,bootstrap
292063.9188462965,bootstrap
368134.9169495795,bootstrap
218971.00125092332,bootstrap
327399.10442545457,bootstrap
230723.9658490097,bootstrap
251888.86497627813,bootstrap
322408.9902350674,bootstrap
306875.7923187225,bootstrap
428925.7445366012,bootstrap
264954.79080814647,bootstrap
241436.50721216825,bootstrap
450036.6850429588,bootstrap
346650.96857355547,bootstrap
378531.37890414783,bootstrap
371874.9781990247,bootstrap
286713.64074864425,bootstrap
278414.4674841062,bootstrap
236365.1635229421,bootstrap
339661.69735714974,bootstrap
282658.1356267815,bootstrap
225732.7053486477,bootstrap
240429.7957941035,bootstrap
305232.93330698553,bootstrap
272969.05318149354,bootstrap
421089.024513718,bootstrap
200218.47921971307,bootstrap
266714.965416043,bootstrap
254519.23064868947,bootstrap
267308.98618669383,bootstrap
260457.96654445495,bootstrap
340682.6047191291,bootstrap
277454.2930680365,bootstrap
397064.1758634178,bootstrap
339908.82206283574,bootstrap
351907.05342545646,bootstrap
217738.99461798015,bootstrap
390943.34575890255,bootstrap
218958.27844506316,bootstrap
264337.3469530309,bootstrap
252250.2104675285,bootstrap
296439.46838559024,bootstrap
231299.7718656146,bootstrap
321375.7291132384,bootstrap
282353.2374357127,bootstrap
226733.05695067637,bootstrap
203361.75594917333,bootstrap
281521.3520585626,bootstrap
156878.19189372245,bootstrap
368036.32044836826,bootstrap
212887.38576699325,bootstrap
287232.18014926126,bootstrap
379531.9036286412,bootstrap
397648.747694996,bootstrap
213216.31208731356,bootstrap
253621.23091239505,bootstrap
321165.3247184225,bootstrap
254818.1276450753,bootstrap
278453.72138458915,bootstrap
307254.68383375165,bootstrap
350517.5356273935,bootstrap
263913.2851451961,bootstrap
275687.4708194864,bootstrap
168550.46579128894,bootstrap
193220.0741494942,bootstrap
282304.449761157,bootstrap
268785.60703823686,bootstrap
368051.8863279117,bootstrap
201636.54661148248,bootstrap
261429.9454715697,bootstrap
273678.09784184163,bootstrap
401114.28919816186,bootstrap
330328.6727745212,bootstrap
350516.77478178433,bootstrap
168398.22410152687,bootstrap
280681.55926788814,bootstrap
336422.1982753614,bootstrap
373019.4980198263,bootstrap
270586.8034586733,bootstrap
263316.0031980747,bootstrap
322641.2202259824,bootstrap
489272.8647998221,bootstrap
240883.73667263184,bootstrap
234814.03401676216,bootstrap
263215.8704807937,bootstrap
181555.4720310294,bootstrap
237896.83890397573,bootstrap
188606.49673423645,bootstrap
264699.1488554481,bootstrap
357049.5894871385,bootstrap
420045.5728602348,bootstrap
243577.0376291988,bootstrap
250749.03820718048,bootstrap
408360.7527372301,bootstrap
305739.55381445395,bootstrap
219301.5301694825,bootstrap
324972.81147944444,bootstrap
272780.26662089827,bootstrap
266246.5401112686,bootstrap
504180.88877328497,bootstrap
247084.10808102283,bootstrap
311540.6169881974,bootstrap
286075.2038451935,bootstrap
260268.86186667276,bootstrap
207158.7960366645,bootstrap
427604.4020441882,bootstrap
287222.9364259737,bootstrap
315494.4157639486,bootstrap
284784.7488266996,bootstrap
318072.07310602703,bootstrap
367034.3769887846,bootstrap
244933.94408555652,bootstrap
287921.7613075037,bootstrap
214406.4067095305,bootstrap
229997.8536817432,bootstrap
400783.4614917057,bootstrap
226018.7517282297,bootstrap
473166.3313718311,bootstrap
249930.15008873693,bootstrap
263028.3430714077,bootstrap
270919.0444546183,bootstrap
232419.7301698381,bootstrap
315460.1986585421,bootstrap
335796.48620883666,bootstrap
286775.4039414841,bootstrap
286898.4004102182,bootstrap
363011.2026803545,bootstrap
256848.04476550056,bootstrap
264002.6733792069,bootstrap
287894.1351755403,bootstrap
279628.3861539104,bootstrap
347664.53014794725,bootstrap
428564.57711107365,bootstrap
247445.52353440676,bootstrap
323726.68526577373,bootstrap
454125.4456719697,bootstrap
346099.25166554947,bootstrap
244446.790422064,bootstrap
325240.60867000965,bootstrap
230242.83931198835,bootstrap
403503.6900668328,bootstrap
294934.7366799712,bootstrap
337027.9907961573,bootstrap
276658.9741205644,bootstrap
307915.74519608566,bootstrap
263779.2795682827,bootstrap
278658.9527452244,bootstrap
275328.0523630091,bootstrap
242385.12243185667,bootstrap
247387.68005160836,bootstrap
276712.9847972071,bootstrap
301360.87974424555,bootstrap
335567.50935791654,bootstrap
332313.1374557347,bootstrap
284339.79749122297,bootstrap
324250.0384242581,bootstrap
390667.3545609885,bootstrap
386521.7095789664,bootstrap
238920.75571205947,bootstrap
196250.8650251009,bootstrap
372047.0302593923,bootstrap
368985.23407875246,bootstrap
279274.9975727884,bootstrap
291927.24025464646,bootstrap
257804.0075911017,bootstrap
172800.88010918818,bootstrap
276020.78588071006,bootstrap
262961.3455206606,bootstrap
399460.9959785001,bootstrap
298413.0522143663,bootstrap
217887.78849357332,bootstrap
257693.2849742472,bootstrap
161111.86310754882,bootstrap
231604.07248924032,bootstrap
205418.385583846,bootstrap
329037.31315938686,bootstrap
373600.2075569384,bootstrap
190718.12055176272,bootstrap
345263.16137767344,bootstrap
253321.50802232983,bootstrap
214777.9196312118,bootstrap
255973.3900100584,bootstrap
163976.17328026437,bootstrap
348250.87098327203,bootstrap
306971.1066549096,bootstrap
397999.8929329177,bootstrap
393755.846557426,bootstrap
370506.5675100394,bootstrap
226690.3791208323,bootstrap
267397.39061100216,bootstrap
324234.4655740805,bootstrap
312500.9623853307,bootstrap
450217.52348065306,bootstrap
305934.29382091813,bootstrap
294158.8426118195,bootstrap
223877.18168841707,bootstrap
253601.7740620149,bootstrap
278059.2508450907,bootstrap
476988.7686144314,bootstrap
229764.5825166564,bootstrap
282271.24439709523,bootstrap
348492.942393846,bootstrap
255214.95109647812,bootstrap
366921.8389121806,bootstrap
259231.19294587892,bootstrap
239531.5452267104,bootstrap
217921.1212569454,bootstrap
364214.9206281166,bootstrap
371007.2559095874,bootstrap
247140.73452884544,bootstrap
249292.5717489088,bootstrap
333264.81486023514,bootstrap
280335.0681661499,bootstrap
271467.87965510075,bootstrap
280695.0605631368,bootstrap
274318.53121722967,bootstrap
255793.42040977327,bootstrap
248905.17599642463,bootstrap
243653.10014121712,bootstrap
241575.6241883332,bootstrap
340216.3032761962,bootstrap
270701.84638039547,bootstrap
365119.83098808414,bootstrap
321937.0883374635,bootstrap
277677.5244420886,bootstrap
200723.33424807657,bootstrap
292310.89275047195,bootstrap
284869.3556263287,bootstrap
209833.9921208128,bootstrap
305128.07608020114,bootstrap
240277.0172482535,bootstrap
